"sample.id","Province.State","Country.Region","Lat","Long","temp.min","temp.max","temp.ave","d.temp.range","temp.seasonality","precipitation","precipitation.seasonality","aridity","solar.rad","wind.speed","water.vapor.pressure","humidity","elevation","warming.velocity","human.footprint","gdp.per.capita","human.dev.index","population.density","pm25"
"global_1","","Afghanistan",33,65,-2.25145205391409,10.1948675570423,3.97186301578865,12.4463196109564,995.472264816772,44.9315068493151,103.695643664495,1296.48313473877,16308.698630137,2.42970778027626,0.463835614933271,0.560194397558069,2018.22602739726,25372.9426405884,28.7635314589248,1341.55834960938,0.294999986886978,28.422918794362,6.90456824677898
"global_2","","Albania",41.1533,20.1683,1.52085476686707,10.6246971052712,6.07295436021791,9.10384233840413,655.613229332129,93.2883817427386,34.5705406497623,8859.10916886544,12862.4377593361,1.80246472309239,0.669868879793096,0.699524828168686,706.433609958506,30352.3966989687,32.6740850642928,4545.57167561849,0.634999990463257,190.314911107305,9.08551199313256
"global_3","","Algeria",28.0339,1.6596,10.9787855332156,26.7802506917931,18.8792579145317,15.8014651585774,898.412469408885,2.59518072289157,40.2135429106563,57.5721167742557,22405.0843373494,4.85669398020549,0.588676622833114,0.269900076405846,526.190361445783,112499.674734579,0.882506024096386,10238.8837890625,0.577000021934509,1.15741387849831,1.88037146905931
"global_4","","Andorra",42.5063,1.5218,-2.64207229552319,6.33758232928813,1.84822490038799,8.97965462481132,613.905965536953,80.1907630522088,18.4915592220414,10130.3773006135,14257.2048192771,5.55633734459858,0.495900400132539,0.699312226885777,1560.46787148594,17089.6975953745,27.2170755326017,26430.1429783555,0.77922841075991,29.7265495557383,4.12465417890871
"global_5","","Angola",-11.2027,17.8739,15.8386031382929,27.5380635337224,21.6883598156076,11.6994603954295,139.954259297204,119.050264550265,84.7609023846016,7247.50875694148,15829.2962962963,1.613248703341,1.77243173910827,0.683336985094625,1197.30158730159,146424.136968886,25.5342158642041,4806.43017578125,0.36545318365097,3.41453995023455,18.6458365364186
"global_6","","Antigua and Barbuda",17.0608,-61.7964,23.1209372792925,29.2307112557547,26.1749664034162,6.10977397646223,109.282260894775,60.4285714285714,36.3207998956953,5580.14367816092,22587.0714285714,5.08077137810843,2.53901158911841,0.747582902182167,41.3571428571429,69124.3158313221,62.5264797507788,17153.72265625,0.690381586551666,266.634394028608,0.481462143264302
"global_7","","Argentina",-38.4161,-63.6167,11.7371040311842,26.5250700041494,19.1309893986728,14.7879659729652,596.96505005142,61.9596602972399,38.3954990249277,2692.0208993576,17215.6624203822,3.29496391108082,1.36544798969463,0.616528377939635,79.6284501061571,208438.788602223,11.5836976086398,7637.17738560268,0.716153400284903,1.03543135220078,2.35212554867705
"global_8","","Armenia",40.0691,45.0382,-6.57269455205111,3.39802510544627,-1.58777404229048,9.97071965749738,910.368223565393,35.663179916318,43.7356763624247,3926.98727394508,13425.9225941423,2.14594139663744,0.399546440020515,0.720692635849175,1881.46234309623,71444.7989434661,31.15331769437,4098.97585025504,0.630104308285989,173.5996685385,15.0802278813983
"global_9","Australian Capital Territory","Australia",-35.4735,149.0124,5.03514606765147,17.9100404182177,11.4729258419423,12.8748943505662,512.425615289238,66.1820224719101,15.9927700942822,6524.15164737311,13194,3.0267954997802,0.962122240629089,0.708598061985673,939.683146067416,63452.9327006936,21.2240719309178,33463.7177820796,0.87608738124898,53.1266651790589,1.69280762019269
"global_10","New South Wales","Australia",-33.8688,151.2093,16.0790421568503,25.1403125327403,20.6089650927566,9.06127037589005,395.252702367587,130.224409448819,28.5359632837491,6776.16921417011,17515.311023622,3.3982751970216,1.79311020073928,0.738867629342886,85.3464566929134,122259.905712454,56.5058928571429,30000.580078125,0.880248427391052,1013.01582977502,3.18655501806229
"global_11","Northern Territory","Australia",-12.4634,130.8456,23.0762716633405,32.6228989445886,27.8489385131718,9.5466272812481,171.492031659267,92.5658914728682,107.354303788769,7458.44415680473,20902.0891472868,2.66610069237938,2.65914808225262,0.709702026412956,22.093023255814,336107.084310206,18.7102821801314,37636.16015625,0.821685314178467,36.5277879925685,5.25389657445427
"global_12","Queensland","Australia",-28.0167,153.4,17.9477361127904,27.1608943286504,22.5539505817138,9.21315821586,374.257969033129,166.749049429658,44.58156775703,8605.25959810489,18604.1863117871,3.72054340902843,2.02523715867742,0.740351832840766,143.433460076046,93085.5870308856,36.8784307122411,27019.0801618304,0.882294902631215,213.675406145534,1.50262123374972
"global_13","South Australia","Australia",-34.9285,138.6007,12.7818266001897,25.2360632706931,19.0083902526756,12.4542366705034,414.449965685121,29.413680781759,45.6824820950288,3690.11899251191,19655.5244299674,4.46133886253407,1.2072853614919,0.548622193203905,216.332247557003,98459.4305104381,46.3144146608315,25780.400390625,0.875743567943573,263.06435291382,1.07831348287112
"global_14","Tasmania","Australia",-41.4545,145.9707,6.14955960421623,14.5810768875895,10.3653509566553,8.43151728337324,314.880134099646,134.329113924051,32.3972377978297,16659.2756110244,10395.0253164557,4.92218332501906,0.953007596831784,0.754880843859255,514.145569620253,18136.6251687872,19.6861383560455,23644.875,0.86042708158493,19.3511064384578,0.980887070625895
"global_15","Victoria","Australia",-37.8136,144.9631,12.1808367263326,24.020550003442,18.1008656860313,11.8397132771094,397.780612565063,48.5601023017903,16.7444023390865,5341.74837748697,16958.3734015345,4.16567616023676,1.28522514382287,0.618367584602746,150.427109974425,99989.6280244885,48.9224550579726,26288.48828125,0.878446459770203,626.388827172935,2.52544173956203
"global_16","Western Australia","Australia",-31.9505,115.8605,16.1862436120027,28.8957353292727,22.5411361868865,12.70949171727,439.569887049058,18.1895424836601,83.4841676849166,4024.82339770501,21752.7189542484,4.71511660370172,1.38111818966523,0.504693158862835,126.656862745098,140835.618281091,44.4863372504601,34521.015625,0.883852362632751,334.915366139932,1.50266719758985
"global_17","","Austria",47.5162,14.5501,-4.01423791341733,4.57277323686791,0.279635686290599,8.58701115028524,676.922378369867,88.0408921933086,32.4054196474721,16009.6000295946,10432.282527881,3.04812638378498,0.468982897061841,0.748522205302545,1141.26022304833,88181.8517525014,32.9917135247115,26126.7145206767,0.791260463402684,29.9742216031348,9.24021995273788
"global_18","","Azerbaijan",40.1431,47.5769,2.83750312263632,12.2739874694442,7.55581630694841,9.43648434680787,886.835071667251,35.2755741127349,33.8303687229037,2666.03813665635,11648.7912317328,2.05298536107535,0.779129019983128,0.748382184351063,35.3048016701461,441815.118261746,34.3621987951807,8513.310546875,0.58443683385849,98.5621291819594,22.2419389924597
"global_19","","Bahamas",25.0343,-77.3963,20.2519799746,28.0464786382822,24.1501520597018,7.79449866368221,259.072281470666,55,55.2855296501747,6782.26510067114,22499.4230769231,4.48097355549152,2.10548409131857,0.699403425342882,6.26923076923077,155964.909313125,66.8073394495413,24280.638671875,0.722746908664703,1278.98500080598,1.18344831959955
"global_20","","Bahrain",26.0275,50.55,15.7587852231387,25.4895962188984,20.6246255348469,9.73081099575963,699.613402794147,23.4310344827586,103.018472737279,282.623464373464,18324.1896551724,4.58910668718404,1.40984362055515,0.580325479098512,7.68103448275862,328031.270550518,54.070796460177,38241.2666992188,0.732700008153915,2194.23791137592,17.8129213776035
"global_21","","Bangladesh",23.685,90.3563,23.0987513101646,33.4239492271152,28.2616648891856,10.3251979169507,386.662568842699,143.269035532995,85.6295117024843,12955.0226750574,21783.5253807107,2.03586801205795,2.73573301528311,0.712795520218595,7.90355329949239,345189.676746149,48.692064976043,803.352105169013,0.386000007390976,4141.08308170532,62.2180438511571
"global_22","","Barbados",13.1939,-59.5432,23.4419968128204,29.2958599328995,26.3692544102669,5.85386312007904,72.6443357467651,64.5,45.5975834131241,8064.31499051233,21807.96875,4.91719251871109,2.60211431980133,0.757339933585443,83.75,39894.2504570574,74.6290983606557,13296.4638671875,0.71399998664856,689.568360762163,0.516598368094104
"global_23","","Belarus",53.7098,27.9534,-4.29321485228223,2.5719676917127,-0.860562204159134,6.86518254399492,880.854772318161,37.0840064620355,32.4295209012625,8057.46607746296,9119.88852988691,3.27189660072327,0.449600640136706,0.782653429615572,187.56704361874,1924732.75141376,36.7163858713329,8083.603515625,0.669592797756195,310.403864156449,15.3758779027085
"global_24","","Belgium",50.8333,4,2.84996575851963,9.94760958789146,6.39878082846942,7.09764382937183,550.854227457961,65.0102739726027,13.5031594740201,9411.16784476784,8593.61301369863,4.33000682641382,0.763976019028931,0.794301070805846,44.7243150684931,1223532.43466673,66.6668283556233,29048.4251395089,0.805271483319146,677.406815228397,14.0933898362895
"global_25","","Benin",9.3077,2.3158,22.9850889653208,34.5002910994455,28.742749170473,11.5152021341247,163.871759131912,73.7412398921833,89.3878819756109,6023.29749489302,18774.884097035,2.04282477184769,2.62154824778719,0.664377036377514,321.757412398922,309978.551597994,27.3336198560223,1262.45771172706,0.344999998807907,91.045793065485,9.28969519104766
"global_26","","Bhutan",27.5142,90.4336,2.58826086578378,12.9751014402811,7.78172947712926,10.3868405744973,501.198353643003,74.1739130434783,92.3199993262544,7774.79609208744,20017.6352657005,2.39555554718211,0.639662801463535,0.53482587877368,3211.97584541063,3039.43088367209,17.7755319148936,2332.94921875,0.492294013500214,8.86854032502658,14.7852342491102
"global_27","","Bolivia",-16.2902,-63.5887,20.267406269908,30.4237290968498,25.345270867149,10.1563228269418,185.56823682785,98.5078125,56.0567102233569,9912.46652019251,14758.9427083333,2.7096146227171,2.5273208077997,0.781655009505986,210.6484375,371941.818190046,16.6448138854036,4882.51744858099,0.535000026226044,5.18025555927306,10.3765636786178
"global_28","","Bosnia and Herzegovina",43.9159,17.6791,-1.51882121699527,7.28722199657109,2.8841414558994,8.80604321356636,697.671446434875,73.3929273084479,18.8300213204854,10558.3509463722,11581.1512770138,2.55776816758754,0.535416893792761,0.710638449021976,998.373280943026,63073.4002413528,38.0561345333965,2681.54437255859,0.628435075283051,75.4851465515631,10.6326173411024
"global_29","","Brazil",-14.235,-51.9253,20.3393633865235,31.2514906966718,25.7957560238218,10.9121273101483,132.505825275451,221.320954907162,82.1152899663708,9778.11283676704,14797.6843501326,0.999713527112804,2.71151091186058,0.816494317582976,283.392572944297,238972.518682306,10.4492616033755,8164.35400390625,0.610901653766632,3.8304946302233,8.82775162658761
"global_30","","Brunei",4.5353,114.7277,23.1279271778307,30.5446619323164,26.8366803030481,7.41673475448561,40.0004071923601,237.291021671827,19.7137915933095,21496.6813546519,18750.6965944272,1.80304457454859,2.82753689370288,0.800207809050569,85.1640866873065,170518.288100958,29.4459066177401,56008.8250269397,0.735666672388713,56.0353483133822,7.17273052210155
"global_31","","Bulgaria",42.7339,25.4858,-0.248113132981264,10.0242747717434,4.88745049862097,10.2723879047246,782.069159860322,45.4505050505051,22.2490997622712,5416.164923572,11667.3313131313,3.19429493865581,0.593236362693286,0.681821253117922,527.060606060606,138675.756608316,38.3597457967983,9544.36076108871,0.682863544552557,57.3049318371397,11.8827650189206
"global_32","","Burkina Faso",12.2383,-1.5616,22.8480426991781,37.7850133565267,30.3166825714111,14.9369706573486,243.435996826172,5.816,118.540172363281,2985.64940450872,22237.4213333333,2.18972801144918,1.1115231997172,0.257151668375135,312.056,310968.80587911,38.5927582534611,821.226135253906,0.2902812063694,596.854106943766,4.94182876303397
"global_33","","Cabo Verde",16.5388,-23.0418,18.4237709681193,25.0401784261068,21.7276583989461,6.61640745798747,181.554756164551,0,158.595537821452,352.980176211454,23809.2333333333,6.72614006996155,1.84452835718791,0.709657466117666,34.7666666666667,27554.3977831922,26.2380952380952,1659.95104980469,0.497789412736893,71.0659606191847,1.41267940501847
"global_34","","Cambodia",11.55,104.9167,24.5523387969486,33.4025078929921,28.9762751210934,8.8501690960435,125.03504889352,32.0582010582011,72.1004776727586,7268.23184387331,21783.0026455026,1.56008465454061,2.60182319179414,0.650493499109223,17.973544973545,120486.437929311,40.754374733248,862.228759765625,0.35699999332428,698.004582521146,15.8111128542861
"global_35","","Cameroon",3.848,11.5021,20.1364140783409,29.3743215607687,24.7553242155901,9.23790748242786,86.121179024595,137.147138964578,64.5387664503882,13313.0397566804,16385.5177111717,1.37306809782657,2.41508342134855,0.773794217361957,665.400544959128,173735.721359564,29.5108648413733,2768.32250976562,0.444000005722046,602.165043994581,22.4184235303447
"global_36","Alberta","Canada",53.9333,-116.5765,-10.4092117349954,2.79448859699386,-3.8071400695981,13.2037003319893,950.998479588412,22.5488599348534,67.5192154812891,6377.11408268734,11840.4755700326,2.75403909690994,0.306016940514311,0.663114636075571,986.36319218241,878741.242375818,15.1407704239917,38755.2890625,0.858522832393646,1.79804128202377,3.38144429191939
"global_37","British Columbia","Canada",49.2827,-123.1207,0.902318970853087,7.74797405177736,4.32544877409495,6.84565508092428,549.860879456468,164.160098522167,52.2963794651877,21853.5985288884,9896.25123152709,2.96680811884368,0.626184842196004,0.740224065895217,401.068965517241,140302.236942024,43.264850548619,32344.0352253872,0.852477886507996,575.561131652351,3.37893607257134
"global_38","Grand Princess","Canada",37.6489,-122.6655,7.54007333552344,18.7192125038282,13.1291570945604,11.1791391683048,314.017934133315,49.7692307692308,91.935630301752,5582.3149340693,19774.4023668639,4.5317558254716,1.04216278657405,0.690395747507218,108.272189349112,65313.8850817074,60.1331058020478,40943.7890625,0.889160811901093,1207.29610996398,8.34352606884431
"global_39","Manitoba","Canada",53.7609,-98.8139,-6.385437405594,4.88978860048744,-0.747369107990185,11.2752260060814,1375.35384154281,23.7837398373984,51.8794432105088,6712.95261893944,17666.3674796748,3.94591872052449,0.415492028240266,0.717794352456823,230.980487804878,2784721.63348653,4.46706169397002,27589.0625,0.828563451766968,0,2.29100106258945
"global_40","New Brunswick","Canada",46.5653,-66.4619,-3.06888888694921,7.13433524578978,2.03293408290001,10.203224132739,1076.39797174773,83.9529190207156,10.6823460656146,14235.050590981,15459.1525423729,3.85807154362709,0.519539736926892,0.733016327962555,224.672316384181,2008665.13859334,13.7690974838029,22252.953125,0.825754761695862,1.02598277467446,2.7113888171983
"global_41","Newfoundland and Labrador","Canada",53.1355,-57.6604,-6.97854339056893,1.05556384588004,-2.96163281465047,8.03410723644897,1036.38878711901,60.8141447368421,15.5769763730074,17913.7559846581,14962.7023026316,5.48881341752253,0.389734788552711,0.791530535031982,281.498355263158,588768.57696136,2.44787850529541,21301.71484375,0.836989462375641,0.000857936290853295,1.18026984123485
"global_42","Nova Scotia","Canada",44.682,-63.7443,-5.98326829366759,3.19645987525779,-1.39363978117075,9.17972816892538,874.528976883297,125.928759894459,15.9961753910638,16882.155174453,12098.3350923483,4.8611869182939,0.444027930104953,0.803521572585669,81.8839050131926,1082848.53111272,42.0966183574879,23743.15625,0.8294997215271,99.8723182071791,1.86772943583472
"global_43","Ontario","Canada",51.2538,-85.3232,-19.0655274097234,-3.74572602241007,-11.4060342426169,15.3198013873133,1350.59391930985,36.3493150684931,34.4978909819094,10587.9958760052,12333.5171232877,2.59963689111683,0.229250001682811,0.894019143923591,156.703767123288,2538718.73532164,2.8226570545829,34639.734375,0.854777872562408,0,2.44584466291251
"global_44","Prince Edward Island","Canada",46.5107,-63.4168,-1.15886338355715,6.26997004455763,2.55533753239546,7.42883342811478,970.4939892159,81.5665236051502,12.6426962250804,14043.1113872571,15170.025751073,5.1370924225181,0.585237449075019,0.796334541230248,25.8583690987124,1309180.65415441,45.0042085574,21559.76953125,0.821143459917894,47.4924268577542,1.89636310387293
"global_45","Quebec","Canada",52.9399,-73.5491,-20.4163174053854,-7.0551735491792,-13.734975204783,13.3611438562062,1334.22891270661,39.6611570247934,38.6146154986925,13153.784410948,12656.5950413223,3.32800663010148,0.176244633158376,0.829783572255348,422.723966942149,2157969.77004109,3.2410554857483,27342.03515625,0.845415592193604,0,1.77332883688564
"global_46","Saskatchewan","Canada",52.9399,-106.4509,-13.0660628058694,-1.56643967096471,-7.31598016565496,11.4996231349047,1303.66254075736,18.8446280991736,58.4710582638575,4767.73985191062,12598.7818181818,3.80154050125563,0.320939506085451,0.90735629142117,509.029752066116,1698168.07970699,25.3625181854252,28696.759765625,0.840734422206879,2.61129465660188,3.48836322216895
"global_47","","Central African Republic",6.6111,20.9394,19.9261906387371,31.7417765053481,25.8343432319911,11.8155858666111,95.7651236219692,92.0544959128065,72.2412645927242,7424.6759299308,21011.0844686648,1.66324796338822,2.3904305270972,0.718296239518642,583.716621253406,212493.791965021,11.8631351351351,943.063720703125,0.319999992847443,3.73040404566627,14.7592453989315
"global_48","","Chad",15.4542,18.7322,24.0634895662467,39.9464165469011,32.0050415247679,15.8829269806544,358.457591772079,1,153.190677722295,290.743917785235,24115.5729166667,3.20388543729981,0.858337497493873,0.180400631756448,324.963541666667,364495.697598183,4.03706815079282,1110.22119140625,0.28514575958252,3.91222379480799,3.84627473345332
"global_49","","Chile",-35.6751,-71.543,8.49777384211377,23.5294013351136,16.0130377206993,15.0316274929998,454.684703277114,16.330376940133,94.377237121176,7219.93731687827,17544.9090909091,2.08592459024188,1.20498712535972,0.656795473085648,397.090909090909,69365.3695314521,31.4047619047619,5233.384765625,0.653659760951996,69.4906970645795,6.42666238143896
"global_50","Anhui","China",31.8257,117.2264,0.735424592143482,8.98219027043495,4.85867285783772,8.24676567829147,912.622767189539,47.8422273781903,54.3160731322251,8410.16954342984,10875.4663573086,2.41341069956113,0.604777727630465,0.699541213254923,37.2412993039443,902145.615052758,40.8221582466568,1108.14831542969,0.47390028834343,890.616003828646,50.9569591599298
"global_51","Beijing","China",40.1824,116.4142,-8.72758334676425,3.70641668210349,-2.51082500002037,12.4340000288677,1122.34784113566,3.05833333333333,132.223979822795,3685.30828387528,11614.6979166667,2.52030002077421,0.203285834069053,0.396886306781049,277.091666666667,167645.128021986,47.6033099297894,3981.75774890034,0.585581212985415,3119.9843184789,48.4078303887289
"global_52","Chongqing","China",30.0572,107.874,3.95547242151748,9.48608154301449,6.72025900493137,5.53060912149701,760.576049511953,21.1606714628297,61.8751885667979,12162.3922328262,8588.71942446043,1.44946760668171,0.755965466693723,0.765198019047796,686.194244604317,83031.4746796859,31.5783952367451,1451.67529296875,0.494723200798035,244.880976839317,24.2867356385682
"global_53","Fujian","China",26.0789,117.9874,5.88829196688613,13.8235133697807,9.85586377071928,7.93522140289455,635.895271542589,88.1581508515815,59.6151881995282,12090.0444553484,10914.9318734793,1.96697808704237,0.950538198298201,0.780804616794241,603.464720194647,69807.61987467,29.9396078431373,1624.30200195312,0.512673914432526,145.825271569319,17.5509593804319
"global_54","Gansu","China",37.8099,101.0583,-20.4800172727515,-4.78845788018685,-12.634375802899,15.6915593925646,888.461258758479,3.61771058315335,100.213230668597,5882.38557235421,12282.7861771058,3.93824621771118,0.0903516212240924,0.38940565665557,3570.04535637149,12403.6043113861,22.3134122117627,1368.78857421875,0.457348767254088,8.62165114940604,7.46979489643578
"global_55","Guangdong","China",23.3417,113.4244,10.4638396038447,17.6148570784949,14.0390075143417,7.15101747465014,587.307256024583,77.8245614035088,65.934531285948,13252.495489174,8998.80200501253,2.01120799914339,1.19948672098026,0.74804984349288,59.5714285714286,168434.437513984,46.3089507137647,1502.89050292969,0.524162471294403,2909.74648063105,31.7954052433322
"global_56","Guangxi","China",23.8298,108.7881,8.82501242710994,15.1093300092901,11.9673151461126,6.28431758218013,644.578176039324,107.161290322581,65.9087601086638,12154.1859467013,9832.41439205955,1.86949874686248,1.05978659793698,0.756387270786178,284.732009925558,89054.4915993137,29.9043009679673,997.110778808594,0.472464233636856,173.326210258616,28.4740985214941
"global_57","Guizhou","China",26.8154,106.8748,2.22496584857382,8.87843903797429,5.55158049304311,6.65347318940046,702.822552936833,21.809756097561,68.4274257939036,10785.3375255923,8811.26829268293,1.91010730382873,0.707408782767087,0.779527839865543,1209.02926829268,89971.3339308972,27.4258970358814,747.874938964844,0.429382383823395,587.204707261993,22.6639215723139
"global_58","Hainan","China",19.1959,109.7453,15.2696391700469,22.6345360795247,18.9528247769346,7.36489690947778,355.384660150587,23.4407216494845,74.9547641006942,10689.164437127,14833.793814433,2.13649483747089,1.74531133580454,0.795806794556289,328.603092783505,90141.6772453175,27.2329797095478,1502.89050292969,0.488260895013809,145.826465963088,14.5133135759539
"global_59","Hebei","China",39.549,116.1306,-6.99463289095883,5.21101266975644,-0.892143461539878,12.2056455607153,1106.34014944085,2.39873417721519,143.880798275461,3866.44061787794,11515.5042194093,2.41744304005104,0.237409280385146,0.412978246350352,115.310126582278,378638.916186649,46.7210361994768,2704.56700292127,0.541221863236921,2237.93266877042,68.8234486897786
"global_60","Heilongjiang","China",47.862,127.7615,-24.5820811964929,-9.96317344046167,-17.2721771349326,14.6189077560312,1554.84238267737,4.65313653136531,107.15295341182,6158.56282183316,9422.47232472325,2.79810332108248,0.106929889395558,0.675338004912032,377.243542435424,344774.584055115,24.8313846606368,1888.46081542969,0.505493640899658,6.71808121364795,23.1048480928594
"global_61","Henan","China",33.882,113.614,-1.87373755110335,8.76870589558355,3.44720361782954,10.6424434466869,954.189689532664,16.2126696832579,78.2222097578092,5290.67658802178,11430.5633484163,2.24260633833268,0.435528504430439,0.556104607228474,100.995475113122,805820.626794408,48.7311252268603,1046.0615234375,0.486106812953949,1007.6937648031,52.6519283828805
"global_62","Hong Kong","China",22.3,114.2,12.422986080533,18.1234065827869,15.2735745929536,5.70042050225394,514.367238653274,47.4190476190476,76.7650830223447,14653.5313181677,9922.55714285714,3.63594180175236,1.35800931453705,0.782396158031228,90.3333333333333,126508.323430454,59.2620401971938,16785.7894042969,0.6913308097766,5455.24892172306,22.9273498487978
"global_63","Hubei","China",30.9756,112.2707,1.69280185698074,9.79691372940312,5.74506296144499,8.10411187242239,874.01059493485,33.6573426573427,57.4043389878351,8315.34987825436,9750.89277389277,1.9292587161342,0.654344990120067,0.711623242087697,99.3706293706294,541300.703451279,37.339275661475,1461.50549316406,0.499749422073364,278.335114894769,40.647894187056
"global_64","Hunan","China",27.6104,111.7088,3.46043032334894,9.78797064900107,6.62404890456818,6.32754032565212,839.400730720651,82.161369193154,47.2955700097865,12180.4094556705,8941.38875305624,1.88163322195739,0.786639608788898,0.804482975607121,320.322738386308,201564.264439605,33.2885471077578,1163.92468261719,0.488978952169418,590.838728608595,35.3669593044481
"global_65","Inner Mongolia","China",44.0935,113.9448,-21.7078734989694,-8.82494863408356,-15.2658893751061,12.8829248648858,1512.18942489926,1.699604743083,116.134482191485,1507.52726414352,11243.3201581028,3.34905929998918,0.129633196787872,0.693538517273331,1066.54545454545,256980.165201552,10.9138270244747,1200.13403320312,0.518418192863464,1.4979034921188,9.22439911106006
"global_66","Jiangsu","China",32.9711,119.455,-0.397403671881483,7.72706427377298,3.66438532367759,8.12446794565447,926.072632535882,32.8142201834862,73.6119129373393,7217.2732024945,11652.8967889908,2.6886054917213,0.549714684623097,0.691464703028779,3.72706422018349,1034625.98017055,36.854878607421,1900.01647283381,0.532491569085555,453.214619511858,60.3296764258825
"global_67","Jiangxi","China",27.614,115.7221,3.9724819269525,10.9627373293222,7.46773976820061,6.99025540236967,838.708320194842,104.284337349398,59.020835683432,12995.4080704471,9953.63855421687,2.16078071335712,0.830354694716902,0.802024750531152,166.378313253012,193836.368745851,25.4140299951621,1058.07885742188,0.475336343050003,241.522224611259,33.8748955648279
"global_68","Jilin","China",43.6661,126.1923,-21.5013677964865,-7.32295032144778,-14.4123180969572,14.1784174750387,1442.75569168,6.95626242544732,104.476216462213,6095.43458277201,10578.1212723658,2.34623461310006,0.147440958834785,0.734937210386216,307.168986083499,254326.047529055,39.2447508121385,1606.43737792969,0.513391971588135,352.847049610752,45.8673246058341
"global_69","Liaoning","China",41.2956,122.6085,-11.7507591558962,-0.0992571440743929,-5.92443264065957,11.6515020118219,1242.50435043646,5.4530612244898,105.987232535226,4910.92704992187,11193.393877551,2.78102855633716,0.183724900046173,0.466932045930216,15.365306122449,1238750.28476238,45.476609389131,2514.54809570312,0.531342804431915,649.07032137501,47.6881753465011
"global_70","Macau","China",22.1667,113.55,19.8250638979291,24.7620283791778,22.294774370456,4.93696448124877,534.152836650883,180.885321100917,74.132559085111,14483.5067567568,12387.880733945,2.97375249315839,2.2848959450328,0.84898365870979,39.4174311926606,195101.00133901,51.1230356458413,9622.33946089311,0.574751685063044,1744.21181773376,26.5178957494975
"global_71","Ningxia","China",37.2692,106.1655,-10.1056527420715,3.7111648364668,-3.19662417841482,13.8168175785383,1059.07641494248,2.53846153846154,94.8202130831205,1961.93591641271,12654.410989011,2.29490109302185,0.211928787991241,0.438504919141974,1478.99340659341,108168.372903679,28.6202454521716,1200.13403320312,0.483711323861418,84.3654482668573,17.7229902318567
"global_72","Qinghai","China",35.7452,95.9956,-10.0570022092426,4.02389356844177,-3.01639910807065,14.0808957776844,900.608412106127,7.85144124168514,101.097014856444,2560.41168116457,19733.4745011086,4.56384035118932,0.160491353061934,0.328975804241025,4407.30155210643,22435.9536242119,7.75268435531103,1437.8759765625,0.458103626966476,0.547537312674584,7.33247766573919
"global_73","Shaanxi","China",35.1917,108.8701,-5.98104268191905,4.24502471564861,-0.867658427792989,10.2260673975677,927.263713708085,7.39101123595506,79.7296667549048,4781.41259053921,11679.5146067416,2.15037301390359,0.28248898839013,0.490454133859309,1182.30561797753,46264.0270736155,31.2036805431481,1157.18559224627,0.495981322453085,201.068413442976,25.5756492639268
"global_74","Shandong","China",36.3427,118.1498,-5.86841409059348,5.04355945933758,-0.41243171920725,10.9119735499311,1033.62656150515,11.7356828193833,111.564795977219,4991.78101611341,12670.013215859,2.88001764030709,0.311511015183075,0.524507125739834,333.52422907489,152755.031715211,37.2789367133175,1693.93823242188,0.517700135707855,612.009473338526,60.3500887896433
"global_75","Shanghai","China",31.202,121.4491,2.02748550665285,8.7393092038426,5.38251914803727,6.71182369718975,856.880091415684,53.5665796344648,50.903984468226,8083.47778036296,10570.0731070496,3.72896571756965,0.653031214565895,0.728450280677438,4.37597911227154,1243755.2918178,55.1924500370096,4854.39436616443,0.579512336140587,4865.82980535966,51.7990568788537
"global_76","Shanxi","China",37.5777,112.2922,-9.86939655295734,4.01912069513366,-2.92565517230281,13.888517248091,1040.15681365441,4.15948275862069,105.906701351034,3205.14757365685,12647.3620689655,2.66604310017208,0.199534482258404,0.403128430678885,1037.37931034483,147110.592498745,43.2656033287101,1387.30456542969,0.497595280408859,931.175587619173,28.2812109867434
"global_77","Sichuan","China",30.6171,102.7103,-7.38446948407611,4.69001877782298,-1.34703287418206,12.0744882618991,630.744936947532,10.3967136150235,84.2495130082251,10208.7505871301,9509.23708920188,2.7748169028703,0.35392206595957,0.60647736824687,3040.51643192488,11808.4787387531,22.4189392514576,1451.67529296875,0.475336343050003,19.4966645297773,19.3168651820778
"global_78","Tianjin","China",39.3054,117.323,-6.35752072771475,4.96611003987571,-0.696069006561868,11.3236307675905,1106.43023408349,3.43710021321962,136.281657660185,3798.15443320185,11658.6417910448,2.77438923087456,0.243083428758294,0.417960774244231,5.1002132196162,426675.132414401,46.9607708189952,3053.4406636556,0.565856111049652,2050.55363105228,72.6358268254153
"global_79","Tibet","China",31.6927,88.0924,-6.94464636854042,6.18977049912219,-0.377658077541835,13.1344168676626,811.185319029475,16.0608899297424,95.3353957236511,2485.74065811489,20154.9953161592,4.18927402909522,0.156235129757843,0.260776974904713,4804.31381733021,42164.2777088419,7.92075155799461,1146.38525390625,0.40855947136879,0.694481636238321,6.29248612232732
"global_80","Xinjiang","China",41.1129,85.2401,-8.96839667745858,5.62604960134207,-1.67204131863334,14.5944462788006,1277.31845950292,1,92.6605846625714,323.645108067976,11352.9111570248,1.64957853068005,0.225988431810594,0.417609185370613,909.347107438017,471316.239123285,10.53257463302,1548.77014160156,0.478926509618759,1.1881583694384,12.1097601556744
"global_81","Yunnan","China",24.974,101.487,4.2604664960511,19.3068486348571,11.7838312650733,15.046382138806,448.569426202892,13.5111662531017,83.0809934251657,6359.05062289895,15789.5260545906,2.22858560351521,0.761001488559004,0.548600335594717,1892.26054590571,27487.2535865673,27.7334849683544,1117.60766601562,0.437280714511871,134.431913503642,13.2169679573846
"global_82","Zhejiang","China",29.1832,120.0934,2.16856324491324,10.0365728228075,6.10264439912855,7.86800957789427,823.696307708085,85.9976133651551,47.5905407379806,11894.4019261943,10258.8472553699,2.14041048103414,0.713888307886647,0.756836608611932,255.284009546539,127432.390846155,34.8351931330472,1920.49584960938,0.534214854240417,704.604657944745,27.3136507108356
"global_83","","Colombia",4.5709,-74.2973,11.7546954129263,21.6866415208883,16.7205606560823,9.93194610796206,32.3059364123486,129.11590296496,37.0386122783239,12274.5574463473,17423.0592991914,0.940021549755672,1.58018760877157,0.802229292231692,2125.36657681941,23724.4382062559,42.3461788970908,10264.214790676,0.592000007629395,1156.13643857797,12.6658071680989
"global_84","","Congo (Brazzaville)",-4.0383,21.7587,20.4395483386132,30.2423656063695,25.3414731435878,9.80281726775631,41.6312971730386,177.930107526882,47.5066704391151,12988.0601389492,13876.752688172,1.24897849687966,2.67603876449729,0.827843388485828,481.897849462366,203063.800931158,15.8530337566482,1267.70642089844,0.356000006198883,35.7688235064238,29.8339067822439
"global_85","","Congo (Kinshasa)",-4.0383,21.7587,20.4395483386132,30.2423656063695,25.3414731435878,9.80281726775631,41.6312971730386,177.930107526882,47.5066704391151,12988.0601389492,13876.752688172,1.24897849687966,2.67603876449729,0.827843388485828,481.897849462366,203063.800931158,15.8530337566482,1267.70642089844,0.356000006198883,35.7688235064238,29.8339067822439
"global_86","","Costa Rica",9.7489,-83.7534,13.8150344555827,24.8536233649014,19.3346312963046,11.0385889093187,62.4319222548912,82.6763925729443,49.5726022492669,21162.4410944206,21142.8514588859,3.90351193210491,1.90620159438814,0.826333554244033,1392.6100795756,5523.24974603665,38.0741655039176,7291.224609375,0.652999997138977,266.480727940086,2.72471388900682
"global_87","","Cote d'Ivoire",7.54,-5.5471,22.2410481192849,33.7513796964431,27.9962566651125,11.5103315771582,123.605630742037,80.8636363636364,60.8535966312184,6517.45594903908,20038.4705882353,1.60094117353307,2.47657540838986,0.655374360948579,239.914438502674,188166.317301681,24.2703839516825,3220.49462890625,0.388999998569489,74.6145897931594,9.51330218263133
"global_88","","Croatia",45.1,15.2,0.149784661761075,9.14794368811057,4.64873069196366,8.99815902634949,689.152173784897,98.5392354124749,22.1764627644713,14557.035720275,10498.1287726358,2.7131356132822,0.615313716337714,0.719871371116401,533.9476861167,194398.107848719,29.7321352525339,18170.3800313787,0.671345737553382,24.9801826477051,10.1711466600827
"global_89","","Diamond Princess",0,0,NA,NA,NA,NA,NA,NA,NA,NA,NA,NA,NA,NA,NA,NA,NA,NA,NA,NA,NA
"global_90","","Cuba",22,-80,17.6480034798384,28.41251937747,23.030058991909,10.7645158976316,201.252274703979,44.99375,65.9086241483688,7784.11628525812,21352.8625,2.89957125410438,2.01723850220442,0.716700888842762,183.7,48767.4168824318,44.3481947483589,13694.412109375,0.675999999046326,134.983358159477,2.81984363643873
"global_91","","Cyprus",35.1264,33.4299,6.69624835749467,17.5311376253764,12.1139398501033,10.8348892678817,670.747559865316,54.5892857142857,90.6951522827148,2382.42777921073,16643.2142857143,2.745508931932,0.947900182079701,0.667553865139421,231.395833333333,84409.4771730579,45.9835000649604,23754.982421875,0.732999980449677,168.360723598868,8.15461044570563
"global_92","","Czechia",49.8175,15.473,-0.565572953476401,7.14538789813629,3.29020640519166,7.71096085161269,720.566591527538,29.3612099644128,45.4679086624091,6219.0584571833,9295.32206405694,3.8507046398319,0.583770818663662,0.753478066446022,412.873665480427,363470.524652297,45.2495220562203,17653.7100572183,0.762338423812893,108.206879953473,14.921452587268
"global_93","Faroe Islands","Denmark",61.8926,-6.9118,1.98331858625326,5.33957824257992,3.661652086027,3.35625965632665,281.37497865138,276.152466367713,33.1349190938633,57262.4364640884,5971.69506726457,8.54099107537034,0.673575904069995,0.847080863017784,141.165919282511,48060.4199416209,43.703829787234,13937.056640625,0.775986611843109,37.1087536471231,0.947579057417495
"global_94","Greenland","Denmark",71.7069,-42.6043,-32.2171157918775,-22.0972738044968,-27.157308177375,10.1198419873807,937.293983767268,31.9304721030043,29.1349685014062,34956.0202529896,13062.425751073,6.18229010913505,0.0438743344959783,0.660217226342726,2796.15793991416,314095.718388016,0,13690.28125,0.694541752338409,0,NA
"global_95","","Denmark",56.2639,9.5018,-1.3361757157369,5.76962045534157,2.21696347384541,7.10579617107848,604.403221789701,47.837962962963,23.4904666064698,10131.0164804295,7690.48148148148,5.23470092849967,0.607755792545684,0.847377540813758,50.7083333333333,1597226.19130688,49.7576421949386,21561.19140625,0.799498091020235,137.91627954263,8.05586470468498
"global_96","","Djibouti",11.8251,42.5903,22.6715818717655,31.2507198786331,26.9609585023869,8.57913800686766,377.546983190849,18.3079096045198,46.7904756190413,760.70987432675,23477.6920903955,4.16262836981628,2.33738624881216,0.653235663577278,509.573446327684,35524.8753778216,21.571771195587,3112.43505859375,0.347251921892166,48.7527816729719,7.67165622931049
"global_97","","Dominican Republic",18.7357,-70.1627,17.6094766291239,28.8822450535272,23.2447929664325,11.2727684244033,122.424379820465,81.3145161290323,41.2009761820557,9531.6990780446,19951.6908602151,3.17983253348258,2.05533132533873,0.714319094123151,366.05376344086,32848.9370287603,46.2507251047373,5323.25830078125,0.596000015735626,799.101050231156,2.52991151802419
"global_98","","Ecuador",-1.8312,-78.1834,11.6632915707635,20.6717928956575,16.1678255936106,9.00850132489399,42.0193545266133,206,23.2205001534818,22866.3160069595,12339.7220708447,2.01740598776035,1.67980054402546,0.86541365685476,2048.50953678474,8233.88313614728,19.8027617701424,5877.16296657986,0.64300000667572,23.7069992498578,9.01690163476425
"global_99","","Egypt",26,30,9.31617472009751,26.0588252150897,17.6874271689109,16.7426504949922,700.086517778415,0.66504854368932,25.016416952448,4.85441176470588,21959.9223300971,3.31645629243943,0.691968930433097,0.341888284976337,367.868932038835,72826.9597688366,3.12392156862745,6014.30126953125,0.546999990940094,0,5.95090267217714
"global_100","","El Salvador",13.7942,-88.8965,19.7884096191043,32.2366034088942,26.0131289567897,12.4481937897899,87.5893272521004,53.4338624338624,94.1670517896218,10211.1077280896,22021.6746031746,2.22349668116797,2.27342322358379,0.67443819929495,420.119047619048,31184.7016720934,48.2572306388389,3457.72703909367,0.506555470380377,452.970576523473,7.74133763869385
"global_101","","Equatorial Guinea",1.5,10,20.6791440193569,29.3351608369409,25.0077566906689,8.65601681758395,86.0306353685333,263.119241192412,59.5323145899992,20006.6304712862,15200.7669376694,1.47863458036407,2.78596056315311,0.877301464129827,332.845528455285,99275.129729983,26.2011494252874,1055.64331054688,0.500906050205231,40.8522860105768,16.4289768980894
"global_102","","Eritrea",15.1794,39.7823,18.3952764378318,29.4819074823887,23.9380563904967,11.0866310445568,191.440755481961,23.876582278481,59.8613950270641,2184.44799760909,24650.996835443,3.41126747372784,2.52879839946952,0.843733922808681,482.996835443038,18412.4316423862,24.6983445738811,1185.68615722656,0.361735045909882,38.2633905992275,9.29998001183599
"global_103","","Estonia",58.5953,25.0136,-4.8366150009233,1.70093901145233,-1.56714373853009,6.53755401237563,832.776921390272,34.7772925764192,31.4798369650584,9577.2833977286,8020.53857350801,3.2147308072669,0.423792171382835,0.776925820064713,47.5793304221252,2915651.31720502,27.7458628150401,12369.7015337776,0.727999985218048,22.9262751223381,7.04183210643111
"global_104","","Eswatini",-26.5225,31.4659,15.2009336743367,27.0014643469958,21.1011597682569,11.8005306726592,286.564709225216,48.6511056511057,73.530509929985,5071.72169580932,16184.4078624079,1.44438328409078,1.74381719848155,0.694349797386293,614.363636363636,70698.6654524691,31.722178836392,6315.677734375,0.547999978065491,81.0176204709515,13.674859396183
"global_105","","Ethiopia",9.145,40.4897,17.2082168532581,30.9066666652194,24.0581680235824,13.6984498119613,174.311801321138,83.4661246612466,72.2144514874714,3714.62204555221,21343.1490514905,1.87762601362657,1.78399565420177,0.592178394037419,1285.68021680217,79362.4251377832,35.9627082213864,652.352233886719,0.268987506628036,134.613676267588,20.5694010322298
"global_106","","Fiji",-17.7134,178.065,21.7224095768399,27.3674589951833,24.5449211544461,5.64504941834344,150.612428050571,306.466666666667,39.2046905782488,18095.716479622,14977.525,3.08870276146465,2.69357114301787,0.87408952164109,299.388888888889,27784.1069509134,25.9908554927205,6241.05419921875,0.640999972820282,23.9283836865359,0.227890155120246
"global_107","","Finland",64,26,-8.44356523562169,-0.405207734671984,-4.4241690762377,8.0383575009497,925.587434999033,29.9842995169082,34.8499945073888,9521.38253157235,6770.57004830918,2.74532370002949,0.345815941295474,0.784244484071757,132.515700483092,2279469.99610092,22.1655012779091,22157.2416800705,0.770074129104614,5.55754484689754,6.42375760139422
"global_108","French Guiana","France",3.9339,-53.1258,21.5130820248296,28.8936939604295,25.2036720442642,7.38061193559991,48.8318155528418,353.196721311475,46.373815411427,17701.2956125109,17143.9672131148,1.59676504949403,2.75508632620827,0.859265961717148,183.655737704918,209670.005223626,7.56609507271543,1728.73205566406,0.778999984264374,0.132234675616352,0.933792242120592
"global_109","French Polynesia","France",-17.6797,149.4068,NA,NA,NA,NA,NA,NA,NA,NA,NA,NA,NA,NA,NA,NA,NA,NA,NA,NA,NA
"global_110","Guadeloupe","France",16.25,-61.5833,20.7752342475088,28.6392264617117,24.7060846864131,7.86399221420288,114.810640301621,62.2631578947368,35.9689773425721,7748.3496835443,21316.7368421053,4.84356851326792,2.3326352489622,0.748149270776749,132.298245614035,90151.5696464393,53.9105466593043,8750.72013346354,0.778999984264374,262.849840551615,0.628454821971693
"global_111","Mayotte","France",-12.8275,45.1662,22.7687427997589,30.8767098426819,26.8237050056458,8.10796704292297,122.859533882141,120.25,85.3594631195068,6499.33404710921,22838.575,2.8659350335598,2.54928956031799,0.722415315136452,90.05,28914.6564288885,35.4303178484108,1531.46130371094,0.778999984264374,758.245496622721,2.22589284740388
"global_112","New Caledonia","France",-20.9043,165.618,19.8477576176325,26.7124115029971,23.2804290850957,6.86465388536453,227.117556254069,160.020833333333,48.2275410095851,10773.8116290245,16882.7395833333,3.83822421977917,2.24363424132268,0.785131976761614,229.114583333333,21727.5615255952,28.9137839276211,NA,NA,4.50627822160721,0.503155941346494
"global_113","Reunion","France",-21.1351,55.2471,18.6389617998092,25.1231164463231,21.8805494777492,6.48415464651389,230.622200262351,226.745901639344,53.2611984190394,11911.1240849195,19361.2868852459,3.4978404123275,2.08094206110376,0.779834493339371,808.918032786885,3292.14660098148,41.6492424242424,16946.158203125,0.778999984264374,470.465384246826,0.420306127199105
"global_114","Saint Barthelemy","France",17.9,-62.8333,23.0530904769897,29.2186237335205,26.1379992167155,6.16553325653076,99.9511049906413,61.1,35.8799390157064,4876.87360594796,22986.9,5.03440243403117,2.49761150677999,0.737029893550491,35.4,41653.7409827881,59.4418604651163,12687.2734375,0.66262686252594,441.175730048286,0.482957395395838
"global_115","St Martin","France",18.0708,-63.0501,23.1350428899129,29.2225403467814,26.181737391154,6.08749745686849,98.284806060791,60.2,36.0582834879557,4775.60905349794,22995.0333333333,5.02003339131673,2.50037639141083,0.735941727493656,26.8,41653.7409827881,59.4418604651163,11860.482421875,0.666590094566345,435.307678222656,0.475064269757822
"global_116","Martinique","France",14.6415,-61.0242,21.3894457135882,28.4500730687922,24.9189727832745,7.060627355204,90.2458463396345,75.8051948051948,41.5766269634296,10239.4203869048,21319.4545454545,4.79818088977368,2.36224155456989,0.748444200619268,146.974025974026,28638.2769244359,63.1232876712329,7505.57632882254,0.778999984264374,341.944407618323,0.816019030339561
"global_117","","France",46.2276,2.2137,2.26840908949574,11.3172045313951,6.79273485143979,9.04879544189934,569.372286131888,50.6988636363636,15.9495262720368,7741.43916868932,11531.2007575758,3.6047121033524,0.707992428857269,0.715963419878288,441.723484848485,244482.125475152,27.245165693486,22838.9853142891,0.798019881011875,31.0684710154028,6.78742496114464
"global_118","","Gabon",-0.8037,11.6094,20.8587725652407,29.8983891003752,25.3781588985495,9.03961653513451,105.449182923199,217.079452054795,72.0788558332887,17925.9255712731,13713.6219178082,1.00145753230134,2.7054137047023,0.835051253761053,481.383561643836,31210.5581489475,3.31516536118364,19499.552734375,0.620000004768372,2.6485370894001,19.6727116423171
"global_119","","Gambia",13.4432,-15.3101,21.1408626281004,38.2153737073276,29.6776541592603,17.0745110792272,189.304875868527,0.0160427807486631,141.162062374666,3231.97231131067,23956.2914438503,2.44613085041709,1.61492555026702,0.388139216498532,31.4919786096257,216579.799020606,34.120654175241,1727.14788688497,0.352829800641283,81.385176969722,3.53589116338924
"global_120","","Georgia",42.3154,43.3569,-2.04794308423951,7.00782926429093,2.48035773496159,9.05577234853044,741.531132147564,77.7215447154472,16.2109055557871,10846.1796407186,12457.4410569106,2.13517070373869,0.505930892153969,0.679019808579156,1107.59756097561,44135.0392452449,27.4864842991259,8013.27532421875,0.619395648956299,33.6131489455762,10.5494976644204
"global_121","","Germany",51,9,-0.0729146756362106,7.49116722796964,3.70864163567995,7.56408190360585,627.335565768818,66.2832764505119,14.0027713629166,10607.5866952197,8462.62116040956,4.00261433905709,0.629174057025551,0.788983970534136,360.143344709898,327006.506842896,40.6782236342289,35739.3446061644,0.794767249528676,138.201584825744,11.2643779886735
"global_122","","Ghana",7.9465,-1.0232,23.6176368382565,35.3934959473649,29.5050839835066,11.7758591091084,136.286260878814,71.6829268292683,69.7376180922759,7093.0894685782,18602.0189701897,1.46139836666707,2.4423772364774,0.592646062678735,131.422764227642,253015.195930336,24.7279689353899,1919.5966796875,0.455000013113022,49.9887077517626,12.953436771893
"global_123","","Greece",39.0742,21.8243,2.2346355813295,11.4011101621692,6.81771184876561,9.16647458083975,693.218960519564,78.4046610169491,48.2373918678801,5920.70230305091,12750.8601694915,2.43484746197523,0.701760167666411,0.702928354717201,705.703389830509,53289.3332785212,31.0731396534149,20899.687232906,0.749943171301459,25.9462450012817,7.14404310753314
"global_124","","Guatemala",15.7835,-90.2308,19.7993419462956,30.9221409929639,25.3615352665475,11.1227990466683,141.960629435806,108.704960835509,53.3390482113193,20739.8810771165,21584.6449086162,2.13476758930764,2.26495039089542,0.693349690303212,561.97911227154,94517.9723887818,36.319211409396,1088.05830399363,0.479116756037662,122.377326342829,8.45779789267262
"global_125","","Guinea",9.9456,-9.6966,19.9393028637679,36.0606754395022,27.9997855076521,16.1213725757343,169.174661753964,88.4664879356568,91.3369957358844,9052.7499731846,20170.7238605898,2.51746917410127,2.3011635059326,0.609561393106308,449.134048257373,148271.356159313,29.3937962863583,1125.22705078125,0.270999997854233,17.867671127933,6.60828192464957
"global_126","","Guyana",5,-58.75,22.3497553480432,30.5310958801432,26.440478903182,8.18134053209995,60.2467830637668,180.43085106383,50.8282927046431,14008.8087852495,16684.5212765957,1.52661702829473,2.83674994554925,0.822235015854826,121.55585106383,314344.721868149,10.0715214564369,2928.07104492188,0.541000008583069,0.33482761209474,1.3706433189094
"global_127","","Haiti",18.9712,-72.2852,18.840774200332,30.2172242500413,24.5294521224331,11.3764500497093,111.840509248116,115.216901408451,66.293822221353,8127.60039784695,20779.0788732394,1.46654323692053,2.0582197155751,0.665746661754745,386.802816901408,21185.6171643718,39.6663518299882,1718.29418945312,0.407999992370605,827.081207832594,4.0033399476368
"global_128","","Holy See",41.9029,12.4534,7.30047630267728,16.8257226445967,12.062766687677,9.52524634191946,628.007926283555,51.6057441253264,38.2289079561557,4763.24976005119,16879.3550913838,2.6113989487018,0.997971231725758,0.706737281200779,217.352480417755,99382.137678483,54.7798855447223,34402.421875,0.783897340297699,785.543268951511,8.89732784561609
"global_129","","Honduras",15.2,-86.2419,18.7028556032757,30.712325419028,24.707590548698,12.0094698157523,157.414086169145,42.742782152231,54.1045828591494,7412.43826251578,21630.2125984252,2.44138583173276,2.05978897206114,0.65804634068951,794.653543307087,15621.7022984044,30.4867079962173,2560.0308710734,0.507000029087067,34.8284918686223,2.71570584984694
"global_130","","Hungary",47.1625,19.5033,1.10017777548896,10.6199629624685,5.86071851783329,9.51978518697951,812.490472299081,27.0944444444444,25.197717638369,4713.51533467652,10741.9444444444,3.08891851637099,0.633797028550395,0.683955421448439,113.494444444444,1069804.46894717,49.1604349769105,10604.1540362136,0.714077315832439,249.882017121492,18.4092548895425
"global_131","","Iceland",64.9631,-19.0208,-8.17162963472031,-2.9381342552585,-5.5548611048747,5.2334953794618,491.19111612108,79.3726851851852,17.6405424398405,20249.5180975451,5872.78587962963,8.58669445470527,0.312735187959064,0.768160878688979,773.353009259259,158246.770227874,7.18426076833527,28712.45703125,0.796999990940094,0.40651792944064,1.18567309493491
"global_132","","India",21,78,20.4936649496785,37.0270051036389,28.7608324912599,16.5333401539604,434.458123376527,11.3375634517766,124.855200307623,3779.78036622584,23626.8527918782,1.69849748024481,1.16515025118281,0.294862637736785,344.916243654822,165449.354589106,35.7020063142886,2801.11328125,0.532075166702271,293.851512967027,40.4531824408288
"global_133","","Indonesia",-0.7893,113.9213,22.2746452003397,31.2702365947026,26.7722366086898,8.99559139436291,24.3933117466588,347.239247311828,21.3220045848559,24054.9322808928,16089.8037634409,1.00281720312052,2.83119461997863,0.804421227462703,154.19623655914,151977.621150821,14.4756774404179,3827.3779296875,0.573309361934662,14.7076453201232,29.5469048835887
"global_134","","Iran",32,53,3.53733944988579,17.2146697569331,10.3758073585843,13.6773303070473,916.976389473731,24.4724770642202,79.6702485915718,520.614921223355,16932.25,3.08427523035522,0.476497238518995,0.37655354440178,1657.34174311927,140287.022138037,21.4375231738969,7935.34385850694,0.572000026702881,96.2312104855109,7.96792275599053
"global_135","","Iraq",33,44,9.92083108152973,23.5128493548528,16.7174611853682,13.5920182733231,952.645435908069,20.662100456621,87.5962072921126,429.38148487626,17439.6826484018,3.3758995478556,0.87908858401046,0.462063765787281,41.3972602739726,406707.01602981,38.0574333608134,11515.5009765625,0.572000026702881,550.982332517023,6.67008232177065
"global_136","","Ireland",53.1424,-7.6921,3.05637810716582,9.8705803877481,6.46380762318474,6.81420228058228,387.130760787534,78.3897180762852,19.2913950355492,14418.015134566,8022.15422885572,4.20173133427824,0.800051080844493,0.828100649808588,93.3648424543947,862642.111521993,33.703450092178,17399.3459665399,0.75433755156241,51.7211854699041,3.68285903840652
"global_137","","Israel",31,35,9.63371029969688,20.7894205779673,15.2116822438819,11.1557102782704,607.214046014804,26.9976635514019,101.542720812503,742.165292353823,17982.4392523364,3.01033644419964,0.904917758341148,0.522408323522809,277.478971962617,31126.1959036028,28.9855899691214,17928.4195791391,0.767029726859367,99.055423369196,8.25335525447654
"global_138","","Italy",43,12,3.68824602793606,12.3125952321386,8.00016668391606,8.62434920420249,655.996706281389,50.0813492063492,27.1241229640113,5334.79106628242,12096.9285714286,2.4117380986138,0.750861901257719,0.699272044277011,383.263888888889,107431.709193189,40.9155381040147,31234.5219096522,0.779039676631651,101.353781565166,9.36801644429355
"global_139","","Jamaica",18.1096,-77.2975,19.2356008394265,28.2246518017333,23.7296313474208,8.98905096230683,100.181069315216,103.907407407407,47.0766980677475,9473.18988173456,22542.1543209877,2.9515401860814,2.28821646762483,0.778221067380217,326.592592592593,18607.5736878759,45.2218670928219,7386.6513671875,0.651000022888184,239.015128078231,2.14721565858089
"global_140","","Japan",36,138,-5.39697345049508,5.53459293817261,0.0693893801828896,10.9315663886677,885.7098699249,94.783185840708,53.0907394358542,18229.0042462845,13666.0287610619,3.90060176575078,0.442406192092241,0.722651211287493,1252.30088495575,52118.6529536906,40.841453709435,25886.7427804129,0.816493040749005,148.939198481826,7.6947013399826
"global_141","","Jordan",31.24,36.51,6.67060464149298,18.9326325261316,12.8019906775896,12.2620278846386,717.863723541969,21.106976744186,94.0409363325252,553.278431372549,17460.4046511628,3.52330234605213,0.747898607198582,0.505573791488307,793.320930232558,113399.136466538,15.5875758991126,6979.47964277891,0.620000004768372,4.80088010437267,6.39041722552452
"global_142","","Kazakhstan",48.0196,66.9237,-11.2749632334008,-2.49527940570432,-6.88494853061788,8.77968382769648,1410.9367796954,13.2738970588235,19.5872173730065,1395.51675588473,12932.2279411765,3.78435292401735,0.300320588928812,0.822190376897383,486.595588235294,538661.719611966,11.9051218080423,13664.298828125,0.689999997615814,1.27628648850848,9.72210372721762
"global_143","","Kenya",-0.0236,37.9062,17.3155835569721,27.6124712251637,22.4645041243671,10.2968876681916,101.031006256522,234.468493150685,109.038008598432,6052.07413455258,17641.8547945205,2.29306299980373,2.01727561722063,0.736942183993801,1073.38630136986,32445.8008638687,25.5209261876291,1197.97448730469,0.47299998998642,251.897669413024,7.3973977213314
"global_144","","Korea, South",36,128,-1.10796460052383,10.3820442362169,4.63707080312007,11.4900088367408,954.415406083639,55.5022123893805,83.5017156178972,11271.0814755839,14183.6991150442,2.14116813914966,0.510464598317589,0.599207995971989,325.245575221239,309962.358959221,37.9588823061279,11845.3343767439,0.731000006198883,180.38416065368,19.9143148343052
"global_145","","Kuwait",29.5,47.75,11.8815661275574,26.4831239390748,19.1824291988193,14.6015578115174,910.931313879203,14.2931937172775,89.9421880432448,340.295288429102,18607.5157068063,4.21688712953897,1.00162919107532,0.450461067194681,78.8979057591623,291357.627809935,31.2917415797675,81430.9609375,0.712999999523163,560.729413595842,12.7838311181206
"global_146","","Kyrgyzstan",41.2044,74.7661,-3.65305307049266,7.73196735689321,2.03958367907195,11.3850204273859,1149.99071630361,38.3224489795918,51.3126418989532,3165.59990108803,17615.2897959184,2.11653876572239,0.45932897815899,0.636844587265093,2564.9693877551,12717.8188580026,19.1746005600395,3122.17944335938,0.615000009536743,4.77846078045514,6.47318841635572
"global_147","","Latvia",56.8796,24.6032,-3.91892820257175,2.28938226486686,-0.814522337583277,6.20831046743861,820.157720348503,33.8227848101266,30.6474237110041,9111.54913294798,8552.38291139241,3.26626032251346,0.453616249410412,0.786692516594345,53.5110759493671,1634033.51624558,38.6757917681754,16077.0651181461,0.703000009059906,181.026291992908,10.7122983316172
"global_148","","Lebanon",33.8547,35.8623,3.13359371342556,13.4639189644799,8.2986510885503,10.3303252510543,672.108025269187,119.40414507772,100.328887208138,4472.79865277339,15313.6943005181,3.18341706515594,0.676833778156518,0.60045235515405,1195.73575129534,16250.8963896423,42.1031190324634,6816.44895768874,0.630502455305345,1406.67373896555,7.15488063327205
"global_149","","Liberia",6.4281,-9.4295,19.8142282392668,32.9274673047273,26.3707717035128,13.1132390654605,74.9430948133054,168.703804347826,61.2976530323858,15317.1448335495,17952.0788043478,1.10517393279335,2.39716195347516,0.697693991762969,209.948369565217,277035.651459634,28.8870863075925,872.840209960938,0.323359102010727,26.8894014850907,8.57335931372104
"global_150","","Liechtenstein",47.14,9.55,-3.14782803599836,4.79659065320113,0.824426170396749,7.94441868919949,617.376754504052,93.5140186915888,25.2985619963887,17255.6608261259,11793.9046728972,3.03240373602537,0.478631028115192,0.721111109505689,1282.97757009346,74571.501482792,37.8303871112106,38266.9069010417,0.817829594788728,175.663050541922,6.7757160140617
"global_151","","Lithuania",55.1694,23.8813,-3.54355830946013,3.22372629038097,-0.1603794736175,6.7672845998411,799.493899996507,34.2146189735614,29.190047399067,8302.28996235885,8995.00311041991,3.64832347214315,0.513502320364512,0.849426795745798,72.7045101088647,1801756.35512385,40.2800728277248,13222.7537097091,0.731000006198883,69.7766440852805,14.0149905129027
"global_152","","Luxembourg",49.8153,6.1296,1.01989361898749,8.39408512994753,4.70675886142338,7.37419151096004,607.635223172235,75.790780141844,14.1529440896731,11121.1307485496,9231.8085106383,3.96348934816131,0.663316313467973,0.775609725465124,366.851063829787,386181.528819439,40.3424609070969,35765.4529351128,0.791329432278872,161.16277712964,10.2080926566188
"global_153","","Madagascar",-18.7669,46.8691,14.6214099316311,26.4387362806355,20.5299007624932,11.8173263490044,208.202563452658,60.7702349869452,106.203264839033,9543.04518724853,17720.4490861619,1.63927939728719,2.07774201852535,0.860532731887464,1240.60052219321,69725.3123724812,27.4146794673273,1660.72631835938,0.433421552181244,85.4780116741091,5.32629857082455
"global_154","","Malaysia",2.5,112.5,22.1881925001501,30.2217969078431,26.2059680051345,8.03360440769297,38.7432691910688,314.064171122995,25.80732718891,24864.8050184662,16262.9465240642,1.05405347216576,2.81964920485083,0.828152316483292,122.219251336898,202930.316883437,16.6540928361778,9198.80078125,0.64300000667572,9.23007484362087,8.6576127970129
"global_155","","Maldives",3.2028,73.2207,27.4349998474121,32.0399993896484,29.7300003051758,4.60499954223633,46.6025203704834,138.1,37.0191814422607,9981.21428571429,21645.7,2.65499999523163,3.14200010299683,0.752014630705109,3,NA,21,NA,NA,1018.15315025731,3.20000004768372
"global_156","","Malta",35.9375,14.3754,10.2184339581114,16.8282892053778,13.5239836374919,6.60985524726637,512.987091989228,37.6363636363636,82.6888924800988,3243.96202531646,16194.3333333333,4.21642287572225,1.14100518009879,0.736211563872666,70.4242424242424,76113.690801652,50.7148288973384,16596.330078125,0.736000001430511,1361.36564917313,4.24442344171564
"global_157","","Mauritania",21.0079,10.9408,20.6793693076563,36.8230635664845,28.7539845968931,16.1436942588282,690.509100605817,0,65.5766664655457,26.6193043124491,24528.8422391857,3.92667691519546,0.676535379492296,0.171314131233765,478.730279898219,549186.601729928,2.93107310120138,905.664245605469,0.211999997496605,0.241976810813557,3.75167008879036
"global_158","","Mauritius",-20.2,57.5,21.186466516542,27.3186051392358,24.251311704147,6.13213862269378,209.84850128426,198.487603305785,52.8733039414587,10678.8995297136,16960.9421487603,2.71425447089613,2.46152864605927,0.8112868542066,174.305785123967,13092.176230466,57.6906779661017,7567.53173828125,0.620000004768372,658.795683563733,0.300055230029178
"global_159","","Mexico",23.6345,-102.5528,4.61411056865999,25.8107035555432,15.2121608413045,21.1965929868832,353.311356127562,4.30402010050251,87.9535762460987,1754.45682590446,18722.7763819095,4.04499496407245,0.656734675168991,0.37957490832665,2038.46231155779,112309.835903349,21.1362591222633,6113.78271484375,0.630505442619324,7.2568945623127,5.17984184104706
"global_160","","Moldova",47.4116,28.3699,-1.22414760264083,6.68149815186363,2.72854612146356,7.90564575450447,862.994229475071,32.6383763837638,37.2964042966216,5452.73519810061,11206.0313653137,3.43335796238312,0.547192622154841,0.735389047346333,163.282287822878,374343.722366669,39.3857788981983,6439.71484375,0.65200001001358,109.880741773936,17.4094134043496
"global_161","","Monaco",43.7333,7.4167,5.20602551190597,12.1949176750673,8.69997229390881,6.98889216316133,584.423350440131,80.2743055555556,35.4443609184689,7714.875,17794.0590277778,3.61726490077045,0.80907320862429,0.702386529249934,831.708333333333,24321.4843497884,33.6650044001173,28624.0241145833,0.796195707321167,520.118063755857,8.3559425051431
"global_162","","Mongolia",46.8625,103.8467,-5.63350659081267,8.23263277441768,1.29917890942969,13.8661393652304,1313.40474561558,8.47457627118644,108.328095315764,2477.42805701425,18670.5875706215,4.25353673846933,0.298980793654357,0.445001365843198,1694.22598870057,119126.710618383,12.8293469295944,3231.47251368613,0.578999996185303,1.15446766475724,3.94687095879994
"global_163","","Montenegro",42.5,19.3,0.464344130378459,8.90399054777089,4.68459299141605,8.43964641739243,679.202556206928,107.345528455285,30.8621793665537,11812.9768633284,12329.4105691057,2.50917065192044,0.606857387212718,0.699050466990836,862.941056910569,37795.5077290603,36.7605505347815,7918.85770603868,0.665714786678064,65.5282130667834,8.75872631303651
"global_164","","Morocco",31.7917,-7.0926,5.45421296957863,17.842583320759,11.6482592561127,12.3883703511803,657.482968930845,58.4143518518519,60.7497438854641,2040.98829757593,18421.3425925926,3.01599071643971,0.710812037948657,0.50262040854612,1123.93981481481,13058.9835030852,29.8185026936652,4215.85045465433,0.458000004291534,116.52950098338,6.20658193770061
"global_165","","Namibia",-22.9576,18.4904,11.6813934751621,27.8115689557298,19.7464661849172,16.1301754805677,443.561715262277,32.0250626566416,100.516303499838,1134.38190399679,19728.5363408521,2.21652128284139,1.11982857523705,0.486587155954394,1382.53884711779,274688.558765512,8.89235867054925,5716.2314453125,0.578000009059906,0.423731948013294,5.3852745741778
"global_166","","Nepal",28.1667,84.25,10.3286131987313,24.7379339406232,17.533254728591,14.4093207418919,475.207435104082,66.1698113207547,98.3344339514678,12611.4276087794,21747.6202830189,2.14835848645219,1.24148962379627,0.554994369976345,1788.32075471698,9283.55282530006,28.8168607448754,1011.82115356445,0.377999991178513,184.806368119312,48.2432215425953
"global_167","Aruba","Netherlands",12.5186,-70.0358,23.7264814376831,31.5671036103193,27.6455396203434,7.84062217263615,109.422231113209,15.9117647058824,66.9075271382051,1920.88692579505,20770.5882352941,6.42553323857924,2.78951074796564,0.753385616117335,21.7352941176471,171510.261253803,41.1676528599606,26815.177734375,0.672003298997879,270.900105142593,1.23403880173567
"global_168","Curacao","Netherlands",12.1696,-68.99,24.4969194458752,30.578654312506,27.5351316870713,6.08173486663074,94.2637353292326,19.5121951219512,64.7225962382991,2552.82041587902,21340.9024390244,6.35797713442547,2.79118916465015,0.758751576509708,27.780487804878,60889.2719506974,46.8421052631579,34786.9375,NA,394.230482634078,1.02344323514582
"global_169","Sint Maarten","Netherlands",18.0425,-63.0548,23.0443110466003,29.1333711743355,26.0927746295929,6.08906012773514,99.3320932388306,60.4375,35.8859066963196,4838.4862745098,22972.75,5.01695840060711,2.49298308044672,0.737621564670212,37.75,41653.7409827881,59.4418604651163,11860.482421875,0.666590094566345,423.93419436191,0.47599010132622
"global_170","","Netherlands",52.1326,5.2913,1.97839863497663,9.17335808599317,5.57537834547661,7.19495945101654,542.25358566078,67.402027027027,17.0139374314128,10318.8514951509,8112.43581081081,4.6553175811832,0.743131087337797,0.817967906917179,6.76689189189189,1827977.11833024,51.9885537301374,31424.5705222315,0.834835063291076,750.589631660565,13.3148396963746
"global_171","","New Zealand",-40.9006,174.886,10.4082359522581,19.032349812133,14.7199863237994,8.62411385987486,330.522910254342,115.638392857143,21.5569003479821,14658.8724550898,14889.1741071429,5.30277561822108,1.26546203957072,0.753551771524486,291.839285714286,34306.575489226,36.0569011918493,24237.4375,0.818000018596649,158.419246146029,0.981787699078048
"global_172","","Nicaragua",12.8654,-85.2072,20.6356544544559,30.1567539794283,25.396115168227,9.52109952497233,93.5527022995874,41.7094240837696,64.1431161171479,11530.9216061185,23095.6570680628,2.79122512627647,2.41414136443463,0.74399791838529,306.861256544503,40616.5124423762,36.327811404906,2108.06195775082,0.495000004768372,38.7885543413811,2.29399357371496
"global_173","","Niger",17.6078,8.0817,23.2978485844465,38.9129504012066,31.105315863308,15.61510181676,510.49726919468,1.09660574412533,149.118011992532,260.549709422997,23439.7467362924,3.59779625586368,0.635930027880806,0.140434990978667,656.8772845953,148528.36447773,3.78621908127208,905.664245605469,0.211999997496605,9.67173347273944,2.55285671418418
"global_174","","Nigeria",9.082,8.6753,21.3835343860445,33.7170053260036,27.5501375046987,12.3334709399592,158.78086558347,25.3412698412698,98.1832240674862,7356.66627244382,18922.4735449735,2.24710050367174,1.50758624076843,0.404337975533418,612.497354497355,139081.553319385,23.2141935483871,2437.73377821181,0.410216182470322,175.838733269424,10.3934076101704
"global_175","","North Macedonia",41.6086,21.7453,0.466891168955201,11.5797453888021,6.02370431375149,11.1128542198469,797.881235737575,39.7125256673511,18.9905018718336,4217.35675100303,12552.3942505133,2.61160576123232,0.61492484667218,0.653129062837778,626.039014373717,48241.0498834489,36.9522405177357,11023.3633050686,NA,89.1003942195885,9.64937514950717
"global_176","","Norway",60.472,8.4689,-10.0368303942066,-2.20269198939609,-6.11975034638693,7.83413840481049,733.868193462066,55.134328358209,27.3029770094148,14646.5376647324,7597.89145183175,4.16299592025244,0.327197288682373,0.844408918495436,1048.90502035278,286205.358573696,20.2665186308492,39413.0916385135,0.836986224393587,2.90072319505981,2.63872931171424
"global_177","","Oman",21,57,18.6322945289805,32.2832588011843,25.4571981333234,13.6509642722038,508.494366640972,19.6776649746193,81.3369123584728,313.986876907426,21763.8934010152,3.49621320557473,1.16971472556216,0.359422090708669,119.167512690355,400370.16292324,8.24401670231184,35036.49609375,0.648032486438751,1.32023178048545,8.90273045933534
"global_178","","Pakistan",30.3753,69.3451,7.99226291750518,21.064619713546,14.5282629107086,13.0723567960408,805.765480005685,32.5892018779343,77.4276149463206,1364.00781617855,18193.4107981221,1.72415026000968,0.866046948472099,0.522610437091957,1368.5234741784,29911.4099910349,28.7023080546397,3771.09448242188,0.361605733633041,36.5114115392658,20.5024592384048
"global_179","","Panama",8.538,-80.7821,21.3941773346492,30.7452077760801,26.0696582008194,9.3510304414309,61.0437400000436,28.7197802197802,59.0848256100665,16456.3871588722,21764.9450549451,2.27456163967049,2.51005724727452,0.74303737798197,300.120879120879,31327.4589727668,36.9607285145134,4286.80695110819,0.662000000476837,32.3102457686646,1.44842939045994
"global_180","","Papua New Guinea",-6.315,143.9555,12.2048828309498,23.8510735691081,18.0285122492008,11.6461907381583,54.3556176583189,270.147138964578,17.3113096065677,24602.5695586326,14903.1771117166,2.91314441014376,1.81496348562942,0.871504300419062,1743.81471389646,28175.8223135886,25.1959744616384,1606.7197265625,0.360000014305115,51.0314518099585,2.70497039475891
"global_181","","Paraguay",-23.4425,-58.4438,17.6737373284619,29.6536970331211,23.6638081097844,11.9799597046592,354.665642632378,118.611111111111,42.8137570968782,5562.72638110488,15577.1363636364,2.36428287474796,2.12938586870829,0.728246557760592,94.9949494949495,875004.355350521,12.775320256205,11323.498046875,0.579999983310699,2.38122044172552,8.15052604915807
"global_182","","Peru",-9.19,-75.0152,20.6300752957662,31.7380429493484,26.1839677749142,11.1079676535822,26.7789128159964,337.091397849462,41.3584428602649,21480.3740187117,12540.9650537634,0.948215043352496,2.61786454723727,0.769163576104779,356.411290322581,284330.088207696,10.9884008162389,4284.32885485197,0.612999975681305,5.1711525269734,8.12779840637153
"global_183","","Philippines",13,122,22.6845149736147,30.302212586274,26.49271060325,7.61769761265935,92.1381591590675,45.3378378378378,52.9077384536331,13717.9381746811,18227.7972972973,2.52079401467298,2.73338798896686,0.789722365693168,150.135135135135,19218.4210304704,33.5134831460674,4642.81787109375,0.499594824654715,251.564898158229,4.59487725092991
"global_184","","Poland",51.9194,19.1451,-0.351851608067858,7.28827654772625,3.46794604410812,7.64012815579411,774.551983632286,29.9763912310287,37.4591084716694,6173.8251691475,9153.83305227656,4.23047554352231,0.588102515089572,0.750163428108327,141.16694772344,1489308.13746216,44.3592364448656,8842.55159505208,0.702834904193878,196.262794259829,22.0992201966772
"global_185","","Portugal",39.3999,-8.2245,7.897910458701,17.6947889287335,12.7962132374615,9.79687847003245,485.506122450839,66.2452025586354,58.6547166055708,4927.34474306964,14858.7420042644,2.96197868308533,1.03101918666856,0.697113046149411,178.825159914712,139172.418734489,37.3311924279557,17995.0007221639,0.701182265742486,49.374408524446,4.62707115082364
"global_186","","Qatar",25.3548,51.1839,15.7899517948036,25.9690320901065,20.8786487891174,10.1790802953029,685.966638383164,25.9455040871935,107.635142292574,287.665405777166,18651.3051771117,4.24101534656348,1.39609236158532,0.565660678719534,29.4550408719346,628216.582230876,27.7220653963773,58036.9725341797,0.754000008106232,861.457813565731,16.4890808567948
"global_187","","Romania",45.9432,24.9668,-3.53259654710671,7.14107839508164,1.80396940849764,10.6736749421883,800.135905453625,29.9655831739962,47.5882303299913,7165.31899641577,11714.569789675,2.06744167681634,0.526672275868702,0.75366052262032,663.061185468451,252431.552180367,35.5374751946268,12446.8538974389,0.698714150521988,44.191820691694,14.5533311418063
"global_188","","Russia",60,90,-16.6295316987786,-4.18190633955081,-10.4056143314057,12.4476253592278,1476.78169540531,20.2878787878788,36.6801404558923,8081.81519947247,10062.6997245179,2.77811016622654,0.188154268937991,0.677883800368017,119.063360881543,577228.841635092,8.88854676417221,30505.23828125,0.748209655284882,0.241504574671757,19.9331772626723
"global_189","","Rwanda",-1.9403,29.8739,14.123967259308,23.5396393739461,18.8316502518993,9.41567211463803,29.8288024318674,188.024590163934,53.3408327675908,8690.4084384515,14203.2650273224,1.75528960052084,1.81801748829461,0.835043054382139,1731.50546448087,42101.8678636745,34.8220191470844,852.504129389281,0.244279572720169,725.847378590068,23.5813410653042
"global_190","","Saint Lucia",13.9094,-60.9789,23.3248358249664,29.078089427948,26.2008730888367,5.75325360298157,85.0722894668579,83.125,42.0074376106262,10617.3703208556,22085.9,5.01415122747421,2.53336342573166,0.744458317785308,137.35,29135.6631938884,52.4507628294036,8012.33154296875,0.634905457496643,296.616035630968,0.7756954596472
"global_191","","Saint Vincent and the Grenadines",12.9843,-61.2872,23.6763343356905,29.1271051679339,26.4039104098365,5.45077083224342,79.8422010512579,75.6904761904762,41.7598994118827,10806.534591195,22071.880952381,5.24730695996966,2.56034944738661,0.7427845795856,162.47619047619,30115.9506484015,45.0559796437659,6032.08684430804,0.623595294498262,274.630466394257,0.642041530060521
"global_192","","San Marino",43.9424,12.4578,3.52332697576269,12.0338934571542,7.77883289354232,8.51056648139149,697.926142934033,75.3350383631713,22.566802880953,8211.84886172007,11455.8618925831,2.6222407720278,0.752599607038376,0.707527509588408,350.966751918159,185983.605022563,45.2197270871387,34344.0220002948,0.783308551558908,265.437754473637,12.9132698637075
"global_193","","Saudi Arabia",24,45,14.3143465448134,27.9434158070253,21.1296237718941,13.6290692622119,770.919903745746,44.029702970297,106.669355146956,437.627316198446,19097.9554455446,3.97294061077703,0.752926731168634,0.300360283651619,901.242574257426,306874.243409601,25.3379832602631,35342.6171875,0.698000013828278,4.46982327959325,11.2526542272253
"global_194","","Senegal",14.4974,-14.4524,20.1735578787954,37.7241052828337,28.9492946373789,17.5505474040383,233.725010881926,0,138.67750127692,2337.5534942553,22533.1447368421,2.27130526680695,1.00956420302391,0.252847261716666,49.178947368421,284449.324900795,29.4319476682844,1863.58605957031,0.367000013589859,20.559322583048,3.04779043078151
"global_195","","Serbia",44.0165,21.0059,0.428839606824008,10.990360391258,5.70915644050825,10.561520784434,756.124534924196,47.7089108910891,24.0642981878602,6333.60343334121,11680.2851485149,3.23218217698654,0.6283453447984,0.68491981768155,289.891089108911,175398.085094557,45.1636077195746,8229.76557074653,0.71399998664856,106.444903676817,13.1895089034281
"global_196","","Seychelles",-4.6796,55.492,24.6141143667287,30.8973668197106,27.7560900326433,6.28325245298188,70.1041759622508,175,42.9631646254967,11825.6804511278,21088.3103448276,3.70895953836112,2.9436310159749,0.789743235825418,113.034482758621,59589.5128645859,48.8,14116.4052734375,0.678646922111511,294.135246938467,0.751351350062602
"global_197","","Singapore",1.2833,103.8333,22.8541474233147,29.5500106884323,26.2024326542862,6.69586326511762,48.3685493906036,165.003816793893,22.2480891205882,15988.0248630426,18456.0305343511,2.44760313698354,2.82264966364125,0.82987930048982,24.2404580152672,68215.7569724177,50.5369509043928,17488.5730310388,0.631557413049646,1845.71450487543,24.9512256861396
"global_198","","Slovakia",48.669,19.699,-3.10357554063951,6.12032374645845,1.50889927442621,9.22389928709796,748.304173531292,41.7392086330935,33.7730845616018,9561.27220734091,10287.1600719424,3.28226618500922,0.515833809328594,0.753840260759717,655.503597122302,134459.006501838,38.306231884058,11434.7939738253,0.732064136623466,71.2188985565034,16.9623919278461
"global_199","","Slovenia",46.1512,14.9955,-1.03169465508141,9.04132060877239,4.00545802043452,10.0730152638538,721.591964139283,87.162213740458,26.3477361475238,14847.9042270623,10377.3683206107,2.06776334106467,0.59477480677248,0.727354833191364,547.679389312977,157022.179284866,35.8046317388003,17829.3604617011,0.762832473095198,144.339726793374,11.8016499089194
"global_200","","Somalia",5.1521,46.1996,22.9548011176917,36.3787902187586,29.6684794932685,13.4239891010669,88.8640350424951,65.8801089918256,127.372160410037,1014.28261811877,21533.6920980926,2.34408718558683,2.40994558282379,0.578825980840994,247.648501362398,846605.402743608,12.5122453402687,622.328247070312,0.286001652479172,11.1856508151062,5.06012491573122
"global_201","","South Africa",-30.5595,22.9375,13.3266697890306,28.8197189080911,21.0735175961354,15.4930491190604,590.799264233341,47.5339578454333,64.0915171156443,1088.85825808879,21483.0843091335,2.91249656900589,1.23589321349767,0.49485665825292,1152.31615925059,97834.5951587563,10.0043245275924,7333.66845703125,0.644268333911896,0.344664362917964,1.79928222506883
"global_202","","Spain",40,-4,4.56055832654238,16.4613166689873,10.5112416803837,11.9007583424449,698.353002039592,24.89375,38.4782118082046,2408.58799865907,14302.2916666667,2.41460835188627,0.774867497136196,0.609410015590746,607.904166666667,98907.7264420725,51.1495765909281,23453.9020070043,0.750237429964131,378.204085689783,7.4345010974955
"global_203","","Sri Lanka",7,81,18.864893664705,28.6474573916577,23.7564467800424,9.78256372695273,94.425801520652,131.859042553192,57.3535582867075,11618.9340909091,21903.8457446808,1.55370212806032,2.07646276817677,0.694652106541536,667.898936170213,22108.5430878628,35.0768898488121,3156.96922995827,0.625999987125397,304.54962874727,-0.344525891676294
"global_204","","Sudan",12.8628,30.2176,22.010446776735,38.7943298055771,30.4009680849441,16.783883028842,298.564081151435,1.65159574468085,143.342358163063,1311.77309407518,23317.9335106383,2.5042978664662,0.792557446880544,0.182415862779062,555.25,614376.289970547,25.3345728856779,1753.2607421875,0.331000000238419,68.7786658190666,4.85456631623843
"global_205","","Suriname",3.9193,-56.0278,21.6535760371581,29.8149130499881,25.7341412564983,8.16133701282999,72.464483903802,243.165760869565,50.5807016206824,13698.5040703354,16480.1820652174,1.76683693962253,2.68862502082534,0.812406562829221,205.489130434783,228337.873280061,5.805296288257,10583.6201171875,0.604564905166626,0.947599358881986,1.03913928296458
"global_206","","Sweden",63,16,-8.26682001292706,0.988080001376802,-3.63934500068426,9.25490001430386,845.958643875122,32.92,35.6485590553284,10686.9861624538,7496.54125,2.71873499765992,0.364324504137039,0.778810223381087,328.84375,632327.95552486,19.325024975025,30065.6544363839,0.803684651851654,2.35268908038735,3.84325938734389
"global_207","","Switzerland",46.8182,8.2275,-3.97231638263964,3.4569868251555,-0.257566864581221,7.42930320779514,592.390845117371,95.8757062146893,15.5692980311909,16143.3141314131,12173.1996233522,3.81868173353192,0.458659132854862,0.733791686045872,1452.83050847458,68104.0030134932,32.7703392374662,41577.690818844,0.830526286498048,148.500418327889,7.64591018670964
"global_208","","Taiwan*",23.7,121,10.748891080075,17.2438613636659,13.9964950521394,6.49497028359092,362.264125332974,167.740099009901,71.1121627316617,25200.9132520488,14155.0643564356,3.52741583798191,1.3135356454566,0.803059585001796,1314.68069306931,44882.6449773757,30.4090228565725,9456.3701171875,0.687998056411743,128.469574731765,4.54798793021753
"global_209","","Tanzania",-6.369,34.8888,17.5850161939054,27.8389080614657,22.7121513418249,10.2538918675603,150.890479711584,61.8189189189189,112.258003028663,2923.46268656716,16679.0513513514,2.50838921134536,1.96866054438256,0.71279038846838,1104.89459459459,157251.32875861,21.600497351065,1195.81809185921,0.370000004768372,18.3106158121212,9.49210116054131
"global_210","","Thailand",15,101,22.3343750735124,35.6138228575389,28.9739999423424,13.2794477840265,188.184435645739,39.5260416666667,81.0416752894719,6260.20383238577,20933.7604166667,1.29388540796936,2.4571156265835,0.614254648597664,125.385416666667,61987.7496929234,40.5835700010519,5170.33125902259,0.574000000953674,135.768523554007,37.7376031866864
"global_211","","Togo",8.6195,0.8248,22.421978670008,33.303946464457,27.8628770042868,10.8819677944489,142.478931039412,95.6310160427807,80.3682255872431,7055.62953395759,19401.7540106952,1.92912299078416,2.69002461050921,0.717768351389084,361.254010695187,107359.849801143,24.8423772609819,1435.85834855931,0.410032272018412,63.0663802814994,11.4854951202638
"global_212","","Trinidad and Tobago",10.6918,-61.2225,21.8265294016407,29.5749313098758,25.6993714231353,7.74840190823518,58.9668309302303,64.6256983240224,44.5817343855703,11310.5496671787,20540.2402234637,4.11185456121434,2.46454751558144,0.746184534795748,98.5251396648045,95400.7209495855,46.1387406616862,12127.8759765625,0.670000016689301,309.962667198379,0.559024396446662
"global_213","","Tunisia",34,9,9.40738180225546,22.3001454613426,15.8542272957889,12.8927636590871,747.040543712269,19.5568181818182,52.3561844478954,534.754660633484,17790.8727272727,4.04688178246672,0.897259093685584,0.498802172924142,149.172727272727,13394.317169988,19.0847611277309,5696.0263671875,0.569000005722046,26.9369475147941,3.92100390808212
"global_214","","Turkey",38.9637,35.2433,-1.72929957443416,9.87413504712661,4.0723628675573,11.6034346215608,799.035294673614,40.3839662447257,45.9593439061933,2677.89355003404,13873.1392405063,2.55799153786671,0.521227845222638,0.63524530494854,1250.56962025316,94073.9356780313,40.0037427696495,7741.31072184245,0.575999975204468,178.424603824374,11.8007718715794
"global_215","","Uganda",1,32,17.7693547587241,27.7946236825758,22.7824838546015,10.0252689238518,66.3283342238395,157.397849462366,41.3530094700475,7113.72890387125,17068.7580645161,2.28524730026081,2.15666886651388,0.778001839124192,1118.44892473118,173979.431548785,29.8408917890158,773.351684570312,0.308999985456467,87.9566413484594,21.2162437435977
"global_216","","Ukraine",48.3794,31.1656,-2.55089454434135,5.27746181531386,1.36325090590526,7.82835635965521,926.261067893288,29.7945454545455,30.4100677108765,5350.09152517671,10007.6781818182,3.26005818497051,0.510919261628931,0.757333247489794,172.647272727273,801127.436702713,41.3564774381368,8704.40308314732,0.705999970436096,32.0147483548251,15.5487321909995
"global_217","","United Arab Emirates",24,54,16.8963089776953,29.0839207066899,22.9899814571955,12.1876117289945,629.111708559469,17.3569321533923,105.592095659194,223.819582955576,20923.9321533923,3.74386484573724,1.42814539456438,0.508744773320753,47.3628318584071,690117.228197051,26.087347282685,183725.46875,0.726000010967255,37.4290541512626,17.248579051863
"global_218","Bermuda","United Kingdom",32.3078,-64.7505,16.9762621561686,22.3130872090658,19.6468766530355,5.33682505289714,338.987856038411,89.6666666666667,22.0868412017822,8856.21875,16949.3333333333,5.68317019144694,1.55450886885325,0.679652944973829,14,15630.8776361083,52.7083333333333,40553.2578125,0.875015139579773,962.13234117296,0.899999976158142
"global_219","Cayman Islands","United Kingdom",19.3133,-81.2546,23.1498176401312,30.2517532868819,26.6995826201005,7.10193564675071,141.786309675737,50.3181818181818,60.671856099909,7335.196,23187.9090909091,4.3748478455977,2.59687157110734,0.7413789151524,6.27272727272727,187242.135045783,45.8,20833.611328125,0.757523775100708,492.68384552002,1.82045450226053
"global_220","Channel Islands","United Kingdom",49.3723,-2.3644,6.40081169207891,11.7436171637641,9.07300424575806,5.3428054716852,394.777565426297,52.125,33.5725991990831,10018.7855691057,14853.2361111111,6.49548062351015,0.928013303213649,0.804121394216302,45.25,374068.636927827,48.4643584521385,23628.615234375,0.79490602016449,381.564911482069,9.22840548316931
"global_221","Gibraltar","United Kingdom",36.1408,-5.3536,10.784481493632,19.1028320736355,14.9440803951687,8.31835058000353,457.940651312934,61.1244444444444,76.9219358995226,4865.88842893751,20066.3022222222,4.00532116678026,1.19662111070421,0.702908160511959,198.577777777778,28018.5703684712,37.3324462640737,15514.9024895056,0.672429410379324,347.758762014673,7.38319896554141
"global_222","Isle of Man","United Kingdom",54.2361,-4.5481,3.74514565539004,10.7106174355123,7.22455717200664,6.96547178012222,374.797682121618,61.910447761194,24.1165165118317,13863.7846020761,12867.0447761194,6.1080069328422,0.818297623698391,0.803584196321883,108.208955223881,185569.725777783,48.6341673856773,13855.3180930398,0.774992923844944,177.907599122184,6.28715244669928
"global_223","Montserrat","United Kingdom",16.7425,-62.1874,23.0841138022287,28.1990806034633,25.639178957258,5.11496680123465,113.113548278809,79.1428571428571,30.4330056054252,7376.87861271676,22383.2142857143,5.01632080759321,2.4672372170857,0.749552324849233,142.714285714286,26333.5061426106,45.538961038961,17153.72265625,0.651915609836578,68.6651019046181,0.606796121713027
"global_224","","United Kingdom",55.3781,-3.436,0.907444992862677,7.10377453633074,4.00528596838315,6.19632954346807,418.026855900603,119.309748427673,25.9070943436533,20486.3632565206,7494.83805031447,5.62182009370072,0.67714132256103,0.831515793771577,270.767295597484,347680.190675925,35.8312175598774,26723.5809594131,0.775426404505241,32.0213642737963,4.59365021906134
"global_225","","Uruguay",-32.5228,-55.7658,15.6704836934112,27.7258325532425,21.6976370833641,12.0553488598313,475.389469235442,115.890697674419,9.79829695280208,7773.08913443831,17871.7953488372,3.0394790316737,1.84599723122841,0.711323468925796,110.051162790698,280856.874231872,22.9390423572744,7576.01071978928,0.691999971866608,1.44172296937295,3.59863722730508
"global_226","","US",37.0902,-95.7129,2.2541478195916,15.6673826217651,8.96027824982353,13.4132348021735,951.505828990107,87,36.4663505802984,6428.80745395828,14398.9065217391,4.85474792148756,0.694767826018126,0.606589779519162,260.334782608696,1781593.98588363,35.0812979762736,33139.1340731534,0.829793373021212,15.1871682445762,7.54504211676754
"global_227","","Uzbekistan",41.3775,64.5853,0.361399175892412,11.7798847700833,6.07016461670644,11.4184855941909,1180.40332257306,22.641975308642,65.0435378384688,670.607477403451,13484.6255144033,3.65805758909924,0.544733332079134,0.578000388802195,318.248971193416,277574.309728205,14.2464256368118,3706.18701171875,0.584034085273743,8.58423400219576,13.2605422123714
"global_228","","Venezuela",6.4238,-66.5897,20.4197526388271,33.5046558585218,26.9626559339544,13.0849032196947,82.6747889057282,38.4650537634409,77.50538855727,12979.3933982684,19532.3978494624,2.42619354878702,2.31294086383235,0.649305290087433,417.94623655914,48159.7857783543,5.44896633834831,23328.869140625,0.628876745700836,1.58168448075171,2.01545283822601
"global_229","","Vietnam",16,108,19.5728651550925,26.9511648834131,23.2620222917788,7.37829972832066,295.866993314901,49.6082802547771,81.6951690965397,13188.9079146593,19420.7229299363,2.39997886206694,2.23128781083283,0.779857444445103,287.143312101911,54902.3131188856,35.5808333333333,1689.58707930402,0.476999998092651,472.652460607482,11.5247543460027
"global_230","","Zambia",-15.4167,28.2833,14.1260942813614,27.2491937407648,20.6873927091429,13.1230994594035,284.058127358322,29.3560209424084,119.549894183094,3941.11022381002,18158.5,2.6464188417215,1.71383770972646,0.702542820103008,1120.94502617801,128466.470058579,33.6571068389537,2318.33935546875,0.398000001907349,436.103224060298,16.2682993210542
"global_231","","Zimbabwe",-20,30,12.9416185728053,26.3959587087336,19.6694329448582,13.4543401359283,330.556721166237,28.9639175257732,99.4842828377006,3084.00912446176,18810.8840206186,2.05502058888219,1.4542474252047,0.634418654389577,1112.63917525773,183818.704369596,30.8436795738578,2526.072265625,0.499000012874603,35.0903963305287,11.6198761462462
"global_232","Diamond Princess","Canada",0,0,NA,NA,NA,NA,NA,NA,NA,NA,NA,NA,NA,NA,NA,NA,NA,NA,NA,NA,NA
"global_233","","Dominica",15.415,-61.371,21.3939009419194,28.7224981873124,25.0585938912851,7.32859724539297,107.242419348823,86.7407407407407,35.9566738693802,10470.6393442623,22162.4074074074,4.45368071838661,2.36420182607792,0.742258631443683,265.759259259259,10290.7599636793,37.2735527809308,6722.4091796875,0.644812703132629,94.1008792939733,0.763539198529409
"global_234","","Grenada",12.1165,-61.679,23.5760789929014,29.6256191947243,26.5997442187685,6.04954020182292,74.6247775915897,60.3636363636364,43.936752203739,9547.57619047619,21928.9090909091,5.19548213843143,2.62709136442705,0.754037750991421,121.242424242424,15589.618334512,43.6547945205479,7488.84130859375,0.639986336231232,285.721088316382,0.585569112523785
"global_235","","Mozambique",-18.665695,35.529562,19.6422868141761,31.2124361771804,25.4276799422044,11.5701493630042,241.560113525391,82.9025641025641,82.4668697846242,6191.91608969722,16550.6717948718,1.61598081986109,2.41622890753624,0.743428598213657,69.4410256410256,427329.874013245,10.6579110651499,485.703674316406,0.209000006318092,19.9306921543219,9.2589522452737
"global_236","","Syria",34.802075,38.996815,10.8630535538707,25.087267854384,17.9754374218839,14.2242143005133,896.920474324908,17.2946428571429,76.1643590927124,535.681479486489,20556.2120535714,3.17654464340636,0.846906250475773,0.410769697132795,464.741071428571,225325.550018045,24.7064524813784,2854.9619140625,0.555999994277954,2.68869306306754,10.5650730068361
"global_237","","Timor-Leste",-8.874217,125.727539,19.7123213672945,28.0500783705635,23.8809168714419,8.33775700326901,115.599385865632,186.118971061093,69.371329132767,11160.1970968172,19029.4790996785,1.47174614188755,2.57396318138221,0.863481388787587,606.787781350482,15993.3128484869,23.3669997299487,927.141723632812,0.416061788797379,168.109103683441,3.05272358335689
"global_238","","Belize",13.1939,-59.5432,23.4419968128204,29.2958599328995,26.3692544102669,5.85386312007904,72.6443357467651,64.5,45.5975834131241,8064.31499051233,21807.96875,4.91719251871109,2.60211431980133,0.757339933585443,83.75,39894.2504570574,74.6290983606557,13296.4638671875,0.71399998664856,689.568360762163,0.516598368094104
"global_239","Recovered","Canada",0,0,NA,NA,NA,NA,NA,NA,NA,NA,NA,NA,NA,NA,NA,NA,NA,NA,NA,NA,NA
"global_240","","Laos",19.85627,102.495496,18.7443085010989,30.1777377876341,24.4608123063428,11.4334292865351,302.129054523066,102.064267352185,95.2065194921812,10370.0040987806,18413.3804627249,1.64313625308726,2.05528020491024,0.668394072804254,832.98971722365,31883.298855464,25.2818070067609,1621.10473632812,0.397000014781952,33.3226180429017,35.4240844453923
"global_241","","Libya",26.3351,17.228331,14.1439310200696,29.5679409374744,21.8554088846216,15.4240099174049,667.66890742861,1.10837438423645,37.6104483299067,19.8235524256651,22321.2389162562,4.28136956280675,0.790926104695926,0.301934828919531,549.142857142857,84878.9364754319,0,21804.52734375,0.680999994277954,0.501185435673286,2.91956613097061
"global_242","","West Bank and Gaza",31.9522,35.2332,9.33570227137318,19.1625903116332,14.2492337116489,9.82688804026003,571.892901738485,55.837962962963,110.05838699694,2046.78458368456,17042.8148148148,3.0543839401669,1.00437189900765,0.615738059824283,229.75,23332.2090178262,43.1963230466185,7775.29329427083,0.72125001793558,1073.26358338197,8.51350527092674
"global_243","","Guinea-Bissau",11.8037,-15.1804,21.1137468140332,36.0789688922444,28.5965729294037,14.9652220782112,128.513423396092,0.481792717086835,133.885877123066,8724.10332793219,24166.6246498599,2.71863006543712,2.07203451425088,0.529879428113423,21.109243697479,230763.297454879,31.7532705389848,1505.0419921875,0.346551090478897,123.638153832806,4.31459596723017
"global_244","","Mali",17.570692,-3.996166,22.6580313394467,39.6019688844681,31.1316252797842,16.9439375450214,517.712864319483,1,139.392547210058,328.255343432247,23720.0494791667,3.36190628881256,0.742685423387835,0.164046888355643,285.145833333333,795975.642091938,3.33409563409563,893.313781738281,0.222000002861023,0.701880237242828,2.69710991685353
"global_245","","Saint Kitts and Nevis",17.357822,-62.782998,22.4893615429218,28.4386714788584,25.4601342861469,5.94930993593656,113.473983177772,77.6923076923077,33.78427197383,6786.19662921348,22821.0384615385,5.12420094930209,2.46024099680094,0.755403422516816,128.576923076923,7392.35857595969,64.0990099009901,14340.85546875,0.657342553138733,265.639142717634,0.525419670329105
"global_246","Northwest Territories","Canada",64.8255,-124.8457,-11.9027677889883,0.365624268465896,-5.76863010177256,12.2683920574542,1593.79034074852,10.2742123687281,56.0603318676231,4427.73454307361,15332.1050175029,3.21701282158477,0.290514820149927,0.728279139223701,196.157526254376,238265.981977236,3.54080247202584,15034.787109375,0.85290539264679,0.090574376502421,3.13343555919315
"global_247","Yukon","Canada",64.2823,-135,-12.4513794869398,-1.83976134015532,-7.14528400488287,10.6116181467845,1271.59430281245,11.9785202863962,52.4562151733617,5657.77613365155,14686.4510739857,3.25070643282733,0.202112171478872,0.554581246593559,1210.61336515513,1538.41385463378,1.86341509974229,15034.787109375,0.832308411598206,0.00579555626023075,1.9045960318505
"global_248","","Kosovo",42.602636,20.902977,3.80956096975209,14.3305041179424,9.07039838811246,10.5209431481904,762.616235004208,64.780487804878,15.9749884876778,6981.45709677419,16558.3983739837,2.5172682927876,0.753933331951862,0.651692670098075,714.418699186992,77929.0426947836,39.6077735666479,5955.84095639088,0.71399998664856,213.037123368523,11.1421260295867
"global_249","","Burma",21.9162,95.956,23.4417889944872,38.245587909641,30.8440803403231,14.8037989151538,348.056973251266,35.3793969849246,84.5023365499985,4784.07183326588,23413.5301507538,1.3676884476863,2.15568948241334,0.483545942958235,170.947236180905,163533.136627875,39.9074074074074,680.338317871094,0.352999985218048,369.399592759022,23.3546327153986
"global_250","Anguilla","United Kingdom",18.2206,-63.0686,23.1350428899129,29.2225403467814,26.181737391154,6.08749745686849,98.284806060791,60.2,36.0582834879557,4775.60905349794,22995.0333333333,5.02003339131673,2.50037639141083,0.735941727493656,26.8,41653.7409827881,59.4418604651163,11860.482421875,0.666590094566345,435.307678222656,0.475000002411837
"global_251","British Virgin Islands","United Kingdom",18.4207,-64.64,22.2455088417485,29.2152614593506,25.7327808524078,6.96975261760208,115.363506677016,76.0377358490566,35.396290005378,5628.67374005305,22483.1132075472,4.40960947072731,2.40625607742454,0.727276062598753,53.2452830188679,37659.909843481,61.1395348837209,12241.60546875,NA,210.668251643578,0.523382358253002
"global_252","Turks and Caicos Islands","United Kingdom",21.694,-71.7979,22.7658640160618,28.7056378284133,25.735556590988,5.93977381235146,165.553521581443,42.3614457831325,44.7104807014925,3821.26574074074,21747.9156626506,3.88696520012545,2.36024448957788,0.713316364686465,5.19277108433735,201700.770901426,24.1620553359684,6387.330078125,0.775986611843109,32.6324571321468,0.752874430116835
"global_253","","MS Zaandam",0,0,NA,NA,NA,NA,NA,NA,NA,NA,NA,NA,NA,NA,NA,NA,NA,NA,NA,NA,NA
"global_254","","Botswana",-22.3285,24.6849,14.2171272006713,30.0910225437764,22.1542744101432,15.8738953431051,415.040828333829,20.6159600997506,93.4932030656391,1270.65304681195,19071.0274314214,2.40294272703423,1.3582154771039,0.509064164464776,1017.91770573566,497451.688154831,0.597981836528759,8099.26318359375,0.584999978542328,0.742761734427136,18.2748510660551
"global_255","","Burundi",-3.3731,29.9189,13.7043753514021,22.6781126129723,18.1915389155575,8.97373726157017,53.9036015467094,194.71581769437,65.9762093183502,8812.86502934145,14991.0938337802,1.88804286702389,1.81508310998093,0.868205370703947,1720.62466487936,57653.4568777228,30.6331560091195,1049.18139648438,0.270000010728836,441.680171915417,19.2932582542256
"global_256","","Sierra Leone",8.460555,-11.779889,21.368992090861,33.948458694458,27.6584853159587,12.579466603597,101.730542541504,99.8213333333333,87.5380414428711,16599.3998923574,19711.248,1.8314453385671,2.610520556132,0.704476448125277,189.541333333333,172975.845896356,32.1617488692656,1372.73815917969,0.272000014781952,67.6969503377279,7.07933820803306
"global_257","Bonaire, Sint Eustatius and Saba","Netherlands",12.1784,-68.2385,25.3025425804986,30.6276878780789,27.9609982525861,5.3251452975803,96.5284118652344,17.3703703703704,63.5542368005823,2363.11337209302,21278.7777777778,6.06318922396059,2.78914079842744,0.739600445504103,17.7407407407407,95241.3132459921,35.1092715231788,34786.9375,0.843457639217377,87.4338078816732,0.852941168581738
"global_258","","Malawi",-13.254308,34.301525,19.044989452864,27.5546841621399,23.2999684383995,8.5096947092759,214.893686354788,108.042105263158,117.074391736482,6558.09844230158,17667.4921052632,1.91675788320993,2.13784738245763,0.746307098718325,641.544736842105,317982.733432294,23.2553270335371,658.353708367599,0.307905253924822,106.226765295333,10.4388472377622
"global_259","Falkland Islands (Malvinas)","United Kingdom",-51.7963,-59.5236,4.72346415500978,9.37457824174922,7.04912400948275,4.65111408673944,269.741800664216,50.1984282907662,20.2673346851102,7450.17553466267,6246.85461689587,7.18891592531635,0.810002710355523,0.80516250148945,64.992141453831,259423.19225408,16.6404844290657,46208.60546875,0.715418815612793,0.027029548279115,0.243272688855392
"global_260","Saint Pierre and Miquelon","France",46.8852,-56.3159,-0.609743649484935,5.16620172100303,2.2771809645641,5.77594537048796,726.368783456308,109.876543209877,13.7335944705539,21311.2454242928,14376.8148148148,6.73629304509104,0.578227684821612,0.80261338827289,60.2716049382716,842362.172029294,26.3216019417476,21301.71484375,0.836989462375641,22.2723564501402,1.21622140318838
"global_261","","South Sudan",6.877,31.307,22.8674687899871,36.4022871704929,29.6349267365164,13.5348183805057,133.027794401174,65.1327913279133,82.506991544067,4412.10258350449,18315.7723577236,1.77345257722911,2.14624394892354,0.516748993597176,419.319783197832,382936.770683139,25.8291734197731,1753.2607421875,0.351178735494614,20.8823349210951,11.7710563283496
"global_262","","Western Sahara",24.2155,-12.8858,15.4267623660588,29.0287525016483,22.2279009866242,13.6019901355894,478.208266683144,1.01732673267327,99.6593146371369,101.848695998407,24422.2475247525,5.68052465372747,1.279003938826,0.477546613897653,252.960396039604,88149.4337046936,0,3901.03735351562,0.51125833272934,0.00624702159750292,0.636284210836968
"global_263","","Sao Tome and Principe",0.18636,6.613081,20.3595575533415,27.6527077858908,24.007957056949,7.2931502325493,85.986577218039,282.701754385965,61.1424844976057,21066.2891326022,15814.6842105263,2.57795269865739,2.7776859308544,0.929399303371919,264.105263157895,9004.45530973419,32.8628081457663,1778.70861816406,0.453999996185303,349.73038844739,10.5617866113819
