"sample.id","Province/State","Country/Region","Lat","Long","nb.cases.per.day","power.law.exponent","growth.rate.incidence.package","doubling.time","earlyR0.nishiura","earlyR0.wang","earlyR0.du","growth.rate.R0.package","R0.EG.nishiura","R0.EG.wang","R0.EG.du","R0.ML.nishiura","R0.ML.wang","R0.ML.du","total.nb.cases","first.date","end.date","observational.period"
"global_1","","Afghanistan","33","65","21.6666666666667","0.154088293278483","0.0395780450970467","17.5134264176092","1.34134134134134","1.83183183183183","1.57157157157157","0.0855080918807813","1.54711117770356","1.82815439718045","1.62584829238548","1.72506979643463","2.29370155453002","1.87715023802839","325","2020-03-22","2020-04-05","15"
"global_2","","Albania","41.1533","20.1683","10.8666666666667","0.441983060315762","0.106616451552842","6.50131542050435","1.49149149149149","2.03203203203203","1.75175175175175","0.117043327194986","1.80078684980779","2.20743283043416","1.90629174041738","1.9866389606327","2.55225786517301","2.08772092094163","163","2020-03-13","2020-03-27","15"
"global_3","","Algeria","28.0339","1.6596","28.5333333333333","0.791768650448339","0.15889852494098","4.36220022065908","1.48148148148148","2.1021021021021","1.78178178178178","0.133017297696592","1.94131585912681","2.41531309121784","2.05913310817238","1.95388925196264","2.67036771912974","2.13307156390208","428","2020-03-14","2020-03-28","15"
"global_4","","Andorra","42.5063","1.5218","24.9333333333333","-0.0185937323230654","-0.000771652776539603","Inf","1.14114114114114","1.55155155155155","1.33133133133133","0.0361294242023487","1.20796497941077","1.315005553697","1.2412670760915","1.42266900471897","1.88259435800346","1.54842722256497","374","2020-03-17","2020-03-31","15"
"global_5","","Angola","-11.2027","17.8739","0","0","-Inf","Inf","0","0","0","-Inf","0","0","0","0","0","0","0",NA,NA,NA
"global_6","","Antigua and Barbuda","17.0608","-61.7964","0","0","-Inf","Inf","0","0","0","-Inf","0","0","0","0","0","0","0",NA,NA,NA
"global_7","","Argentina","-38.4161","-63.6167","38","1.12253070426935","0.222357696011019","3.11726192974042","1.6016016016016","2.3023023023023","1.94194194194194","0.180157896669168","2.40720761082973","3.09233902319519","2.5541383332888","2.27196345004191","3.12039483333561","2.46886793700201","570","2020-03-13","2020-03-27","15"
"global_8","","Armenia","40.0691","45.0382","30.4","0.250869903801273","0.0558392765999491","12.4132550198649","1.41141141141141","1.86186186186186","1.61161161161161","0.0641791363637121","1.39234489664173","1.59458818465358","1.45174264083319","1.66001860109906","2.15925056528553","1.79171747672168","456","2020-03-16","2020-03-30","15"
"global_9","Australian Capital Territory","Australia","-35.4735","149.0124","5.13333333333333","-0.696387518271681","-0.134037505854702","Inf","1.05105105105105","1.31131131131131","1.15115115115115","-0.130882864102096","0.474648691898287","0.258643264454106","0.382433104778126","0.98051356074402","1.23444283871189","1.06358947163844","77","2020-03-23","2020-04-06","15"
"global_10","New South Wales","Australia","-33.8688","151.2093","42.7333333333333","0.990699496465994","0.196467896138376","3.52804297385944","2.05205205205205","2.9029029029029","2.45245245245245","0.259860764408283","3.39042485671198","4.46314172473145","3.54948548845104","3.05775367881643","4.13269343519823","3.2949442018768","641","2020-03-08","2020-03-22","15"
"global_11","Northern Territory","Australia","-12.4634","130.8456","0","0","-Inf","Inf","0","0","0","-Inf","0","0","0","0","0","0","0",NA,NA,NA
"global_12","Queensland","Australia","-28.0167","153.4","35.6666666666667","0.766573125207515","0.146673837716871","4.72577244414883","1.45145145145145","2.05205205205205","1.74174174174174","0.12529420550955","1.87232719278458","2.31346857755158","1.98431698165199","1.91742250650789","2.6049962474529","2.08887272587888","535","2020-03-13","2020-03-27","15"
"global_13","South Australia","Australia","-34.9285","138.6007","22.5333333333333","0.490139613416718","0.0606883690437467","11.4214171756749","1.26126126126126","1.7017017017017","1.46146146146146","0.0450360557718663","1.26424319218499","1.4004236206819","1.30586224711366","1.48494601395727","2.03250639823352","1.66309425397679","338","2020-03-18","2020-04-01","15"
"global_14","Tasmania","Australia","-41.4545","145.9707","4.46153846153846","-0.552385676568317","-0.112493599337264","Inf","1.27127127127127","1.61161161161161","1.4014014014014","-0.109456360712713","0.539930650144897","0.339694270886151","0.458128466205833","1.1723856581628","1.52459941747797","1.28566298825747","58","2020-03-25","2020-04-06","13"
"global_15","Victoria","Australia","-37.8136","144.9631","36.8666666666667","0.81248331662056","0.141077510428252","4.91323654958073","1.41141141141141","2.01201201201201","1.7017017017017","0.11804394670158","1.8093453363043","2.22014051431695","1.91565005123217","1.83919137157467","2.53291003274544","2.02415081780898","553","2020-03-13","2020-03-27","15"
"global_16","Western Australia","Australia","-31.9505","115.8605","22.4","0.869590860035276","0.11585610146813","5.98282845509539","1.34134134134134","1.84184184184184","1.57157157157157","0.0741987370162715","1.46342504732187","1.70202950794934","1.53199417060838","1.68160277475829","2.26197806233987","1.83796635672594","336","2020-03-17","2020-03-31","15"
"global_17","","Austria","47.5162","14.5501","132.266666666667","1.41126939953187","0.257994947491734","2.68666959294679","1.78178178178178","2.6026026026026","2.19219219219219","0.227641764511617","2.96115140138749","3.87369746907245","3.12221324903088","2.70806009833782","3.69173969001432","2.88849106418542","1984","2020-03-05","2020-03-19","15"
"global_18","","Azerbaijan","40.1431","47.5769","24.8","0.591394725810016","0.129112590100251","5.36854833461046","1.48148148148148","2.08208208208208","1.77177177177177","0.144070656847935","2.04353896575797","2.56546899950517","2.16924179605344","2.04949778833018","2.75172524893858","2.20747253800461","372","2020-03-19","2020-04-02","15"
"global_19","","Bahamas","25.0343","-77.3963","0","0","-Inf","Inf","0","0","0","-Inf","0","0","0","0","0","0","0",NA,NA,NA
"global_20","","Bahrain","26.0275","50.55","11.4666666666667","0.481755860022234","0.14156829984548","4.89620332600239","2.2022022022022","2.96296296296296","2.55255255255255","0.270702740393206","3.5452648553792","4.67261834428899","3.70115766328328","3.34517196116473","4.29847375525544","3.54327490549812","172","2020-02-26","2020-03-11","15"
"global_21","","Bangladesh","23.685","90.3563","6.4","0.149594030170399","0.0729815539513607","9.49756675531875","2.17217217217217","2.8028028028028","2.45245245245245","0.206869013751996","2.70774001317194","3.5193021212941","2.86485778326199","2.98101064852945","3.60684812779325","3.05272679663083","96","2020-03-23","2020-04-06","15"
"global_22","","Barbados","13.1939","-59.5432","3.77777777777778","-0.195208724363865","-0.0315639785200724","Inf","1.22122122122122","1.83183183183183","1.53153153153153","0.0220735083536836","1.12327043963938","1.18648805240975","1.14348520873227","1.796740125771","2.53135316372566","1.9543503569489","34","2020-03-29","2020-04-06","9"
"global_23","","Belarus","53.7098","27.9534","8.33333333333333","0.134800133960695","0.0521178115453958","13.299621760906","1.66166166166166","2.05205205205205","1.8018018018018","0.108205494758735","1.72658284279642","2.097003433366","1.82487525013691","1.98049493806596","2.50837889618656","2.15502983486551","125","2020-03-16","2020-03-30","15"
"global_24","","Belgium","50.8333","4","118.133333333333","0.873591456731473","0.170073060763134","4.07558479543865","1.68168168168168","2.38238238238238","2.02202202202202","0.172062020403605","2.32150451610254","2.96919965762195","2.46435051852343","2.32408564124677","3.11237577327812","2.49035114501349","1772","2020-03-05","2020-03-19","15"
"global_25","","Benin","9.3077","2.3158","0","0","-Inf","Inf","0","0","0","-Inf","0","0","0","0","0","0","0",NA,NA,NA
"global_26","","Bhutan","27.5142","90.4336","0","0","-Inf","Inf","0","0","0","-Inf","0","0","0","0","0","0","0",NA,NA,NA
"global_27","","Bolivia","-16.2902","-63.5887","11.8461538461538","0.334697080898037","0.0555614436843898","12.4753270360879","1.52152152152152","2.05205205205205","1.75175175175175","0.0518755303891322","1.30887520125135","1.46813073462822","1.35687102365201","1.74862209566647","2.37605884390477","1.94256885307475","154","2020-03-25","2020-04-06","13"
"global_28","","Bosnia and Herzegovina","43.9159","17.6791","28.8666666666667","0.464198446904517","0.0983678706632823","7.04647946413946","1.49149149149149","2.02202202202202","1.74174174174174","0.0906541351891071","1.58643384278843","1.88726073490263","1.66971587020579","1.85071595474881","2.406727804742","1.97696977088706","433","2020-03-18","2020-04-01","15"
"global_29","","Brazil","-14.235","-51.9253","148.133333333333","1.67338799082489","0.304982524718173","2.27274392590351","0","0","0","0.249458774679822","3.2468627906835","4.26747228424904","3.40773731508712","3.01333285861428","4.00801139551368","3.11248148831924","2222","2020-03-10","2020-03-24","15"
"global_30","","Brunei","4.5353","114.7277","6.93333333333333","-0.449538049905211","-0.0691566154571147","Inf","0.900900900900901","1.12112112112112","0.990990990990991","-0.0874099984634368","0.614702352904882","0.438766214549196","0.545844415537239","0.982912460137149","1.22418834007876","1.05308929247943","104","2020-03-13","2020-03-27","15"
"global_31","","Bulgaria","42.7339","25.4858","20.5333333333333","0.528705236842391","0.112037039796774","6.18676807078495","1.34134134134134","1.8018018018018","1.55155155155155","0.0683095839143203","1.42130375983179","1.63839233026082","1.48449765759893","1.60256071939036","2.14569783858871","1.76525461499541","308","2020-03-14","2020-03-28","15"
"global_32","","Burkina Faso","12.2383","-1.5616","17.8666666666667","0.109830763486048","0.00564997017066576","122.681564614043","1.19119119119119","1.57157157157157","1.36136136136136","0.00699755894429863","1.03782814816342","1.05710655120574","1.04417152531755","1.37514888419135","1.82402291011852","1.51138165463055","268","2020-03-19","2020-04-02","15"
"global_33","","Cabo Verde","16.5388","-23.0418","0","0","-Inf","Inf","0","0","0","-Inf","0","0","0","0","0","0","0",NA,NA,NA
"global_34","","Cambodia","11.55","104.9167","6.8","-0.409339771757788","-0.0651720899029332","Inf","0.830830830830831","1.001001001001","0.890890890890891","-0.146697569963384","0.430800370883815","0.207976225713692","0.33234910136572","0.860231786394334","1.08397886499467","0.938044754826303","102","2020-03-17","2020-03-31","15"
"global_35","","Cameroon","3.848","11.5021","41.5333333333333","0.894392873597721","0.173897429666031","3.98595414487225","1.79179179179179","2.6026026026026","2.2022022022022","0.217781602035576","2.8386539102686","3.70300759198668","2.99831397346981","2.80713398748927","3.63441149358863","2.86882078835781","623","2020-03-22","2020-04-05","15"
"global_36","Alberta","Canada","53.9333","-116.5765","39.5333333333333","0.840993687241291","0.150386782640888","4.60909641384594","1.39139139139139","1.93193193193193","1.65165165165165","0.0912750307439924","1.59123171665749","1.89446512613414","1.67505817719023","1.73517446676126","2.35911845932248","1.90836798210688","593","2020-03-15","2020-03-29","15"
"global_37","British Columbia","Canada","49.2827","-123.1207","29.6666666666667","1.17078065251797","0.219073467403609","3.16399420146543","1.57157157157157","2.32232232232232","1.95195195195195","0.190491374152438","2.52019000502213","3.25372642533076","2.67168808249363","2.39765971228118","3.24376180023964","2.52618094066093","445","2020-03-09","2020-03-23","15"
"global_38","Grand Princess","Canada","37.6489","-122.6655","0","0","-Inf","Inf","0","0","0","-Inf","0","0","0","0","0","0","0",NA,NA,NA
"global_39","Manitoba","Canada","53.7609","-98.8139","14","0.735278593412267","0.173892456378405","3.98606814232124","1.29129129129129","1.86186186186186","1.57157157157157","0.0149230655781879","1.08206383370926","1.12403753901195","1.09567007599729","1.44335538335083","2.00813252315544","1.60793043715466","182","2020-03-25","2020-04-06","13"
"global_40","New Brunswick","Canada","46.5653","-66.4619","7.08333333333333","-0.370493594539432","-0.0549352438832236","Inf","1.15115115115115","1.52152152152152","1.31131131131131","-0.122168656597181","0.500357905138069","0.289844039421675","0.41210984811288","1.12738979409206","1.53079283312793","1.26329055133969","85","2020-03-26","2020-04-06","12"
"global_41","Newfoundland and Labrador","Canada","53.1355","-57.6604","14.4285714285714","-0.193589466498201","-0.0454515089384374","Inf","1.14114114114114","1.47147147147147","1.27127127127127","-0.0457026359557813","0.779536308438358","0.672055917468711","0.740591014822505","1.30083671607053","1.71662506270577","1.4358013097185","202","2020-03-24","2020-04-06","14"
"global_42","Nova Scotia","Canada","44.682","-63.7443","17.6666666666667","0.32872827021015","0.0718869094246433","9.64218918447939","1.4014014014014","1.87187187187187","1.61161161161161","0.0714877306381986","1.44391265928226","1.67256195394221","1.5100132775167","1.69277669779405","2.21764258999911","1.83339074789511","265","2020-03-23","2020-04-06","15"
"global_43","Ontario","Canada","51.2538","-85.3232","31.6","1.35284682009847","0.251114077676479","2.76028802117959","1.59159159159159","2.26226226226226","1.91191191191191","0.170269335213099","2.30285608099751","2.94232235919867","2.44474057110746","2.20648539824653","3.03038623700858","2.40463289026009","474","2020-03-09","2020-03-23","15"
"global_44","Prince Edward Island","Canada","46.5107","-63.4168","0","0","-Inf","Inf","0","0","0","-Inf","0","0","0","0","0","0","0",NA,NA,NA
"global_45","Quebec","Canada","52.9399","-73.5491","227.066666666667","1.48346267319121","0.282481283939516","2.45378090503285","0","0","0","0.204443231061848","2.6792920507441","3.47920262341375","2.83571003087743","2.39168820159794","3.35706814671206","2.61159258225937","3406","2020-03-16","2020-03-30","15"
"global_46","Saskatchewan","Canada","52.9399","-106.4509","14.8666666666667","0.0442494402517856","0.0111810285791271","61.9931498837166","1.19119119119119","1.54154154154154","1.34134134134134","0.000960925827825082","1.00512742270618","1.00773205528109","1.00599415836676","1.28906028178604","1.69620422272416","1.42171657143918","223","2020-03-22","2020-04-05","15"
"global_47","","Central African Republic","6.6111","20.9394","0","0","-Inf","Inf","0","0","0","-Inf","0","0","0","0","0","0","0",NA,NA,NA
"global_48","","Chad","15.4542","18.7322","0","0","-Inf","Inf","0","0","0","-Inf","0","0","0","0","0","0","0",NA,NA,NA
"global_49","","Chile","-35.6751","-71.543","105.8","1.09094064830588","0.195208039795528","3.5508126677876","1.65165165165165","2.34234234234234","1.98198198198198","0.17648818820759","2.36805707565143","3.03616449472416","2.5131894030634","2.30994989246049","3.12696541768747","2.49492910729619","1587","2020-03-13","2020-03-27","15"
"global_50","Anhui","China","31.8257","117.2264","47.8666666666667","0.558816656481918","0.0978352247844026","7.08484272497374","1.37137137137137","1.88188188188188","1.61161161161161","0.0811045863635356","1.51408384217614","1.77843062920342","1.58888898537297","1.69098316471401","2.27224336205342","1.85316924935615","718","2020-01-25","2020-02-08","15"
"global_51","Beijing","China","40.1824","116.4142","18.3333333333333","0.317485436931566","0.0619270620032268","11.1929608500372","1.27127127127127","1.7017017017017","1.47147147147147","0.0445503272177845","1.26112064703325","1.39568516834707","1.30228629357022","1.5339426068628","2.02989975945285","1.67750172380854","275","2020-01-24","2020-02-07","15"
"global_52","Chongqing","China","30.0572","107.874","26.7333333333333","-0.248704333836487","-0.0696504609511545","Inf","1.11111111111111","1.46146146146146","1.27127127127127","-0.0274646087644047","0.862183090246012","0.793659937144546","0.838161702425501","1.22779873030905","1.6312819611033","1.35726132393019","401","2020-01-25","2020-02-08","15"
"global_53","Fujian","China","26.0789","117.9874","15.4666666666667","-0.159422296608","-0.0299986713407667","Inf","1.22122122122122","1.56156156156156","1.36136136136136","-0.0376064589780244","0.815386023683944","0.724538141704041","0.7829473430654","1.24778471252197","1.62262560532159","1.36979953183568","232","2020-01-26","2020-02-09","15"
"global_54","Gansu","China","37.8099","101.0583","4.06666666666667","-0.537792964169381","-0.105094757989052","Inf","1.06106106106106","1.3013013013013","1.15115115115115","-0.151255863519912","0.418809568662698","0.194753139100892","0.318795703187068","0.937182236904512","1.1864640215046","1.02259709710516","61","2020-02-01","2020-02-15","15"
"global_55","Guangdong","China","23.3417","113.4244","62.9333333333333","0.957108732863155","0.143732889069222","4.82246746063893","1.39139139139139","1.95195195195195","1.66166166166166","0.0983487855004554","1.64671430297326","1.97765596022846","1.73667812199764","1.76246542748851","2.41807745801544","1.94294756240627","944","2020-01-23","2020-02-06","15"
"global_56","Guangxi","China","23.8298","108.7881","11.4666666666667","0.0381304014192504","0.00593994039756606","116.692615441725","1.22122122122122","1.6016016016016","1.39139139139139","0.00623014655147726","1.0336238552161","1.05075296514799","1.03926813223776","1.35505207923842","1.78544104642417","1.48811108209807","172","2020-01-26","2020-02-09","15"
"global_57","Guizhou","China","26.8154","106.8748","7.66666666666667","-0.440418443801326","-0.103932412711533","Inf","1.1011011011011","1.43143143143143","1.24124124124124","-0.0575372783688071","0.729462755248263","0.599601483233566","0.681382904479295","1.15883367540074","1.52719566070671","1.28148371125924","115","2020-02-02","2020-02-16","15"
"global_58","Hainan","China","19.1959","109.7453","7.73333333333333","0.106433083992531","0.0335792126614361","20.6421510697297","1.22122122122122","1.63163163163163","1.41141141141141","0.0236023328585808","1.13224309416607","1.2000958455245","1.15387624860911","1.39785540208011","1.84080189585535","1.52580401570359","116","2020-01-27","2020-02-10","15"
"global_59","Hebei","China","39.549","116.1306","14.7333333333333","-0.00146294879212414","0.00813984970529847","85.1547885593951","1.29129129129129","1.68168168168168","1.46146146146146","0.0118841453702982","1.06492549928875","1.09809017890931","1.07573820675992","1.43981308709378","1.85613176563027","1.55852680118976","221","2020-01-28","2020-02-11","15"
"global_60","Heilongjiang","China","47.862","127.7615","22.6","0.555104520247425","0.0874604662446932","7.92526281097893","1.27127127127127","1.76176176176176","1.5015015015015","0.0666719203173996","1.40976482669201","1.62094302831874","1.47145595267785","1.5514577262359","2.13660750544473","1.7299646255273","339","2020-01-28","2020-02-11","15"
"global_61","Henan","China","33.882","113.614","64.8","0.425508964664302","0.0656963778169292","10.5507670832551","1.35135135135135","1.83183183183183","1.57157157157157","0.0556427374681737","1.33399385935696","1.50621251902622","1.38549275848705","1.59379567690049","2.13172430730284","1.74557272439013","972","2020-01-25","2020-02-08","15"
"global_62","Hong Kong","China","22.3","114.2","3.33333333333333","-0.38642837378539","-0.0344662771573141","Inf","1.3013013013013","1.57157157157157","1.41141141141141","-0.0732232643818393","0.667190165480598","0.511257739766601","0.607765933315499","1.1548326075788","1.40576753593398","1.2277835753049","50","2020-02-10","2020-02-24","15"
"global_63","Hubei","China","30.9756","112.2707","1311","1.12808834280771","0.223606238051123","3.09985618738182","0","0","0","0.209671617154822","2.74090102776291","3.56596341888342","2.89876737948807","2.5721845785043","3.45186723811829","2.71592112265984","19665","2020-01-22","2020-02-05","15"
"global_64","Hunan","China","27.6104","111.7088","51.9333333333333","0.379829278614894","0.0460489190048597","15.0524093841767","1.26126126126126","1.7017017017017","1.46146146146146","0.0341208272843533","1.19555649846469","1.29617059799733","1.22698372463888","1.48272241429824","1.99115767096162","1.63455363674299","779","2020-01-25","2020-02-08","15"
"global_65","Inner Mongolia","China","44.0935","113.9448","3","-0.281461736243667","-0.0455273587025433","Inf","1.03103103103103","1.27127127127127","1.12112112112112","-0.0728443253022346","0.668641185258912","0.513289821085782","0.609480048628221","1.12417294883449","1.40490531132461","1.20797829747827","45","2020-02-03","2020-02-17","15"
"global_66","Jiangsu","China","32.9711","119.455","30","0.322293606789878","0.0431677099277818","16.0570755715223","1.27127127127127","1.69169169169169","1.46146146146146","0.0332326713159279","1.19010260043443","1.28789230377006","1.22070110154659","1.48208359373553","1.97947582118307","1.63229063539891","450","2020-01-26","2020-02-09","15"
"global_67","Jiangxi","China","27.614","115.7221","48.1333333333333","0.327739072970886","0.038858244801457","17.8378406976827","1.3013013013013","1.76176176176176","1.51151151151151","0.0437177492239936","1.25578278213408","1.38758462365007","1.29617114746575","1.5146813753627","2.04365577012683","1.67155533791353","722","2020-01-26","2020-02-09","15"
"global_68","Jilin","China","43.6661","126.1923","4.4","-0.934595828026535","-0.185347014483579","Inf","1.1011011011011","1.32132132132132","1.17117117117117","-0.187242588653245","0.333591726708573","0.110425621663049","0.224976303050141","0.97628412750925","1.21389099724178","1.05637683771717","66","2020-02-03","2020-02-17","15"
"global_69","Liaoning","China","41.2956","122.6085","5.6","-0.280046640884721","-0.0691616556395324","Inf","1.1011011011011","1.41141141141141","1.23123123123123","-0.0561401012712534","0.735233271825433","0.607893713905991","0.688207219276904","1.15898629089324","1.52117540570559","1.27971437930923","84","2020-01-28","2020-02-11","15"
"global_70","Macau","China","22.1667","113.55","1.46153846153846","-0.322538076348688","-0.0658585994704036","Inf","0.910910910910911","1.19119119119119","1.02102102102102","-0.184939360383598","0.338569003915492","0.114822260354412","0.230305955776006","0.891619347269379","1.16691311244968","0.984716245820934","19","2020-03-25","2020-04-06","13"
"global_71","Ningxia","China","37.2692","106.1655","2.8","0.0970814443704984","0.0166670790407793","41.5878018496236","1.14114114114114","1.52152152152152","1.32132132132132","-0.0217221832704763","0.889636469866596","0.834477359202805","0.87050071697435","1.25930264453985","1.66339263492038","1.38026567420645","42","2020-02-03","2020-02-17","15"
"global_72","Qinghai","China","35.7452","95.9956","0","0","-Inf","Inf","0","0","0","-Inf","0","0","0","0","0","0","0",NA,NA,NA
"global_73","Shaanxi","China","35.1917","108.8701","12.7333333333333","-0.0574966058514886","-0.0206204292074383","Inf","1.18118118118118","1.54154154154154","1.33133133133133","-0.015158953720016","0.921881553060653","0.882627464618396","0.90842555961805","1.2902473441871","1.70003144188548","1.41936457642695","191","2020-01-27","2020-02-10","15"
"global_74","Shandong","China","36.3427","118.1498","27.8","0.131702727176966","0.0232031156551076","29.8730218330556","1.33133133133133","1.74174174174174","1.51151151151151","0.023558869248937","1.1319872099934","1.19970773837523","1.15358001787755","1.49894086879829","1.9445306733405","1.62314574295976","417","2020-01-26","2020-02-09","15"
"global_75","Shanghai","China","31.202","121.4491","17.7333333333333","0.180107205449587","0.0165546915452202","41.8701356450267","1.19119119119119","1.58158158158158","1.36136136136136","0.0114852944830012","1.06269253452959","1.09471087434202","1.07313936021868","1.37420373319711","1.8352885748125","1.51767525167497","266","2020-01-25","2020-02-08","15"
"global_76","Shanxi","China","37.5777","112.2922","6.6","-0.179589665597156","-0.0605239005046869","Inf","1.04104104104104","1.32132132132132","1.16116116116116","-0.0861943978889506","0.619061937302802","0.44470599981179","0.550979765182471","1.10035290891775","1.43809454599568","1.21530352460729","99","2020-01-30","2020-02-13","15"
"global_77","Sichuan","China","30.6171","102.7103","23.8666666666667","0.0489506323990526","-0.00246835407537912","Inf","1.25125125125125","1.63163163163163","1.41141141141141","-0.00538765999552766","0.971643363240465","0.957294605985756","0.966812139053348","1.35659791973733","1.78519308673097","1.49224216303052","358","2020-01-26","2020-02-09","15"
"global_78","Tianjin","China","39.3054","117.323","6.13333333333333","0.224990526508218","0.033120980618306","20.9277372716689","1.24124124124124","1.6016016016016","1.39139139139139","0.0128184855750788","1.07017126527678","1.1060302800244","1.08184179032835","1.44353276764845","1.88061923266592","1.57454632239395","92","2020-01-30","2020-02-13","15"
"global_79","Tibet","China","31.6927","88.0924","0","0","-Inf","Inf","0","0","0","-Inf","0","0","0","0","0","0","0",NA,NA,NA
"global_80","Xinjiang","China","41.1129","85.2401","3.13333333333333","-0.176828347930753","-0.0506076519406275","Inf","1.22122122122122","1.63163163163163","1.4014014014014","-0.0482913028781671","0.76834979233651","0.655776788503802","0.727366955010253","1.19936116772908","1.57898004819066","1.32269203810647","47","2020-02-05","2020-02-19","15"
"global_81","Yunnan","China","24.974","101.487","8.46666666666667","-0.562706752187925","-0.102637102560931","Inf","1.06106106106106","1.29129129129129","1.14114114114114","-0.116491475803613","0.517721928614871","0.311463150314858","0.432257340021274","1.03726642108979","1.30793208026787","1.12859966684306","127","2020-01-28","2020-02-11","15"
"global_82","Zhejiang","China","29.1832","120.0934","65.2666666666667","0.590884870073724","0.0788575577556313","8.78986365147033","1.26126126126126","1.71171171171171","1.46146146146146","0.0439283152655665","1.25713105343217","1.3896307499295","1.29771601098441","1.48817447425789","2.03503696355297","1.65863040135997","979","2020-01-24","2020-02-07","15"
"global_83","","Colombia","4.5709","-74.2973","45.3333333333333","0.747565756004889","0.133398701294518","5.19605643708338","1.46146146146146","2.04204204204204","1.74174174174174","0.115927162235003","1.7912780425481","2.19330701863713","1.89588657599657","1.84778754104291","2.54062121951288","2.04307913551704","680","2020-03-15","2020-03-29","15"
"global_84","","Congo (Brazzaville)","-4.0383","21.7587","0","0","-Inf","Inf","0","0","0","-Inf","0","0","0","0","0","0","23","2020-04-05","2020-04-06","2"
"global_85","","Congo (Kinshasa)","-4.0383","21.7587","8.73333333333333","0.532942601178501","0.121885985020191","5.6868489059273","1.29129129129129","1.77177177177177","1.52152152152152","0.0571240974425904","1.34397649526073","1.52134115288023","1.39685040470841","1.58027679394771","2.0972690865411","1.71192431815214","131","2020-03-22","2020-04-05","15"
"global_86","","Costa Rica","9.7489","-83.7534","20.2","0.516518560119813","0.0757684687327886","9.14822738472458","1.29129129129129","1.76176176176176","1.51151151151151","0.0581900622436546","1.35119686858188","1.53228134383833","1.40505922102979","1.5840240017864","2.12686762594558","1.73540985523168","303","2020-03-16","2020-03-30","15"
"global_87","","Cote d'Ivoire","7.54","-5.5471","21.2857142857143","-0.00457619198123303","0.039841722267366","17.3975205165189","1.26126126126126","1.63163163163163","1.42142142142142","0.0396455438703597","1.22993607104584","1.34835571257249","1.26652159120066","1.48526411924582","1.92251913564304","1.61469790605648","298","2020-03-24","2020-04-06","14"
"global_88","","Croatia","45.1","15.2","37.8","0.982047267663629","0.189807117887332","3.65185030084799","1.54154154154154","2.22222222222222","1.88188188188188","0.164507709335387","2.24371819191397","2.85689169065208","2.38237833048907","2.14882008126092","2.95345414357941","2.34015430206603","567","2020-03-13","2020-03-27","15"
"global_89","","Diamond Princess","0","0","42.2666666666667","0.297713908773533","0.0632504888956493","10.9587639979115","1.13113113113113","1.56156156156156","1.34134134134134","0.0445211084298474","1.26093300966325","1.39540042424391","1.302071380125","1.4455863403193","1.92315021124071","1.56556841839615","634","2020-02-07","2020-02-21","15"
"global_90","","Cuba","22","-80","19.9333333333333","0.538608483353967","0.0991377623611065","6.9917573692573","1.33133133133133","1.82182182182182","1.56156156156156","0.0815215227932881","1.51718660937338","1.78310494946864","1.59236561905192","1.65357442516163","2.23763403966065","1.82126095821058","299","2020-03-22","2020-04-05","15"
"global_91","","Cyprus","35.1264","33.4299","13.6","0.367487785684062","0.0681081106262865","10.1771606081292","1.47147147147147","1.95195195195195","1.68168168168168","0.0745178521033758","1.46573567612551","1.70551759682721","1.53459465949644","1.73482962663649","2.27035071800492","1.87617000136653","204","2020-03-16","2020-03-30","15"
"global_92","","Czechia","49.8175","15.473","73.4","1.18987060111725","0.221888942297972","3.12384733273065","1.61161161161161","2.34234234234234","1.97197197197197","0.187397305593136","2.48593292550619","3.204905412088","2.63614247769503","2.39722906738734","3.23006466806818","2.54392815197864","1101","2020-03-08","2020-03-22","15"
"global_93","Faroe Islands","Denmark","61.8926","-6.9118","10.0666666666667","-0.684763547657763","-0.121318086824493","Inf","0.990990990990991","1.22122122122122","1.08108108108108","-0.108473165024501","0.54309643176","0.343768137460371","0.461824607778389","1.00267195899456","1.25679661021247","1.08261288809329","151","2020-03-17","2020-03-31","15"
"global_94","Greenland","Denmark","71.7069","-42.6043","0","0","-Inf","Inf","0","0","0","-Inf","0","0","0","0","0","0","0",NA,NA,NA
"global_95","","Denmark","56.2639","9.5018","91.4666666666667","0.266952068324126","0.0172757880891726","40.1224637036598","0","0","0","-0.0270158801903908","0.864303177884663","0.796805617909422","0.840660589368911","1.37015687951277","1.76475510826977","1.49009421834126","1372","2020-03-08","2020-03-22","15"
"global_96","","Djibouti","11.8251","42.5903","10.2857142857143","0.105247202251181","0.110662717584727","6.26360165092866","2.02202202202202","3.05305305305305","2.53253253253253","0.228072050378152","2.96658951831872","3.88124854965469","3.12769233161435","3.32461695695768","4.769040046432","3.61250043587155","72","2020-03-31","2020-04-06","7"
"global_97","","Dominican Republic","18.7357","-70.1627","90.6","0.765872817877269","0.119609805549055","5.7950698722244","1.45145145145145","2.002002002002","1.71171171171171","0.102244124454828","1.67791863038286","2.02434322318838","1.77120698408027","1.84401931990019","2.47766213109765","2.00652630029429","1359","2020-03-19","2020-04-02","15"
"global_98","","Ecuador","-1.8312","-78.1834","128.933333333333","0.877172708601374","0.103524332547065","6.69550011582853","0","0","0","0.0526734508398127","1.31416353941284","1.47614987105059","1.36290201849048","1.53816672300294","2.10212238343462","1.70284718894766","1934","2020-03-16","2020-03-30","15"
"global_99","","Egypt","26","30","20.8","0.46367346770031","0.122327764276617","5.66631119810667","1.24124124124124","1.71171171171171","1.47147147147147","0.075033695712319","1.4694769351467","1.71116469327165","1.53880414411589","1.57194441691113","2.09240218188061","1.70887357630974","312","2020-03-08","2020-03-22","15"
"global_100","","El Salvador","13.7942","-88.8965","5.625","0.30219935601842","0.0964658010162545","7.18541880394638","1.66166166166166","2.54254254254254","2.11211211211211","0.113732252148763","1.77269554180288","2.16568035510548","1.87552882807589","2.66935156841601","3.67697376466653","2.78815235576075","45","2020-03-30","2020-04-06","8"
"global_101","","Equatorial Guinea","1.5","10","0","0","-Inf","Inf","0","0","0","-Inf","0","0","0","0","0","0","0",NA,NA,NA
"global_102","","Eritrea","15.1794","39.7823","0","0","-Inf","Inf","0","0","0","-Inf","0","0","0","0","0","0","2","2020-04-06","2020-04-06","1"
"global_103","","Estonia","58.5953","25.0136","37.2666666666667","-0.177790439617021","-0.000851384069858488","Inf","1.36136136136136","1.7017017017017","1.5015015015015","0.0229498228145615","1.12840646750598","1.19427694225168","1.14943404474719","1.5314885121664","1.886211659249","1.6154999125511","559","2020-03-13","2020-03-27","15"
"global_104","","Eswatini","-26.5225","31.4659","0","0","-Inf","Inf","0","0","0","-Inf","0","0","0","0","0","0","0",NA,NA,NA
"global_105","","Ethiopia","9.145","40.4897","3.75","-0.964309015841736","-0.486445278391818","Inf","1.82182182182182","2.87287287287287","2.39239239239239","-0.359179876463733","0.0997124485838378","0.00192176402943421","0.0233481652773423","3.42358561465513","4.02680395937194","2.93981143019906","15","2020-04-03","2020-04-06","4"
"global_106","","Fiji","-17.7134","178.065","0","0","-Inf","Inf","0","0","0","-Inf","0","0","0","0","0","0","0",NA,NA,NA
"global_107","","Finland","64","26","45.1333333333333","0.815234364570261","0.133405437848241","5.19579405262666","1.49149149149149","2.02202202202202","1.73173173173173","0.10868466400916","1.73054263782007","2.1029075671047","1.82923261111626","1.90194023783186","2.53199227905436","2.06425257879933","677","2020-03-09","2020-03-23","15"
"global_108","French Guiana","France","3.9339","-53.1258","5.5","-0.373286711925282","-0.0775934030781563","Inf","1.03103103103103","1.52152152152152","1.26126126126126","-0.0740289422476147","0.664113704379201","0.50695392149137","0.604131964633939","1.39979291967762","2.05205461976015","1.59341778086856","44","2020-03-30","2020-04-06","8"
"global_109","French Polynesia","France","-17.6797","149.4068","1.41666666666667","-0.699557329886044","-0.172898764850351","Inf","0.870870870870871","1.16116116116116","1.001001001001","-0.0879879017034689","0.612638687290665","0.435960124675874","0.543414145136866","1.02758915880445","1.39215245410621","1.14473950696101","17","2020-03-26","2020-04-06","12"
"global_110","Guadeloupe","France","16.25","-61.5833","6.73333333333333","0.00235976339424082","-0.00562988315799597","Inf","1.32132132132132","1.73173173173173","1.5015015015015","4.97686831889155e-10","0.999999991469691","0.999999995598963","0.999999991691969","1.40586130226223","1.8179634941663","1.5241221829188","101","2020-03-19","2020-04-02","15"
"global_111","Mayotte","France","-12.8275","45.1662","8.78571428571429","-0.0317797500979669","-0.0186211583520628","Inf","1.25125125125125","1.74174174174174","1.47147147147147","0.0162742972302448","1.08975555635938","1.13568842947954","1.10460703618457","1.38348407399297","1.86967332322727","1.52373616021261","123","2020-03-24","2020-04-06","14"
"global_112","New Caledonia","France","-20.9043","165.618","0","0","-Inf","Inf","0","0","0","-Inf","0","0","0","0","0","0","0",NA,NA,NA
"global_113","Reunion","France","-21.1351","55.2471","20.4","0.169691678392326","0.0244000404613691","28.4076242274006","1.26126126126126","1.68168168168168","1.45145145145145","0.021395343719952","1.11930872926165","1.18048068459471","1.13889487033669","1.43514355461683","1.89251443263548","1.56532592612413","306","2020-03-21","2020-04-04","15"
"global_114","Saint Barthelemy","France","17.9","-62.8333","0","0","-Inf","Inf","0","0","0","-Inf","0","0","0","0","0","0","0",NA,NA,NA
"global_115","St Martin","France","18.0708","-63.0501","0","0","-Inf","Inf","0","0","0","-Inf","0","0","0","0","0","0","8","2020-04-05","2020-04-06","2"
"global_116","Martinique","France","14.6415","-61.0242","8","-0.0725947085067062","-0.0226134195821527","Inf","1.17117117117117","1.55155155155155","1.35135135135135","0.0228124504523263","1.12760008514823","1.19305398688519","1.1485002087675","1.43796550790296","1.87278714629586","1.55252404086861","120","2020-03-20","2020-04-03","15"
"global_117","","France","46.2276","2.2137","150.866666666667","1.2485830092499","0.252331747789452","2.74696777806301","0","0","0","0.17662286848884","2.36948500934392","3.03821562805309","2.51468491517266","2.30226874477348","3.11923103891461","2.44369093003992","2263","2020-02-27","2020-03-12","15"
"global_118","","Gabon","-0.8037","11.6094","0","0","-Inf","Inf","0","0","0","-Inf","0","0","0","0","0","0","0",NA,NA,NA
"global_119","","Gambia","13.4432","-15.3101","0","0","-Inf","Inf","0","0","0","-Inf","0","0","0","0","0","0","0",NA,NA,NA
"global_120","","Georgia","42.3154","43.3569","4.33333333333333","0.25731590336213","0.0625683576770227","11.0782383667151","1.31131131131131","1.79179179179179","1.54154154154154","0.0696469184170319","1.4307825726461","1.65272125386825","1.49520119815615","1.57803464982807","2.11730780957848","1.73024626072311","65","2020-03-14","2020-03-28","15"
"global_121","","Germany","51","9","136.733333333333","1.4861157702759","0.259613110749586","2.66992363582335","0","0","0","0.183997485073217","2.44871344545283","3.15175154732555","2.59742848752972","2.31862787839023","3.17846471711031","2.49991920456761","2051","2020-02-27","2020-03-12","15"
"global_122","","Ghana","7.9465","-1.0232","13.3571428571429","-0.738349066923364","-0.140552642019026","Inf","1.22122122122122","1.55155155155155","1.35135135135135","-0.17177645880913","0.368230050218612","0.142475867752968","0.262498723696923","1.02096057117073","1.29746060617038","1.11103257589881","187","2020-03-24","2020-04-06","14"
"global_123","","Greece","39.0742","21.8243","27.2666666666667","0.735510380211664","0.164327263676357","4.21808995691123","1.25125125125125","1.78178178178178","1.51151151151151","0.0733539542444979","1.45732226075117","1.69281537917411","1.52512331121944","1.58694138269834","2.16101983957782","1.73588867494932","409","2020-03-05","2020-03-19","15"
"global_124","","Guatemala","15.7835","-90.2308","4.2","0.24682378128217","0.133351407760086","5.19789923633199","1.46146146146146","2.15215215215215","1.8018018018018","0.12122359557096","1.8367560189099","2.26079912553009","1.94557826254639","2.20610405636177","3.02866098280795","2.35986086249729","42","2020-03-28","2020-04-06","10"
"global_125","","Guinea","9.9456","-9.6966","17.6666666666667","0.0305245251139338","-0.0697132949203562","Inf","2.08208208208208","3.32332332332332","2.75275275275275","-0.038850129375123","0.809793124174683","0.716321185202765","0.776342151277145","3.37819300830983","4.41844562624442","3.26101549929958","106","2020-04-01","2020-04-06","6"
"global_126","","Guyana","5","-58.75","0","0","-Inf","Inf","0","0","0","-Inf","0","0","0","0","0","0","7","2020-04-06","2020-04-06","1"
"global_127","","Haiti","18.9712","-72.2852","0","0","-Inf","Inf","0","0","0","-Inf","0","0","0","0","0","0","0",NA,NA,NA
"global_128","","Holy See","41.9029","12.4534","0","0","-Inf","Inf","0","0","0","-Inf","0","0","0","0","0","0","0",NA,NA,NA
"global_129","","Honduras","15.2","-86.2419","18.1333333333333","0.412969740939195","0.048261678632615","14.3622683710699","1.33133133133133","1.84184184184184","1.57157157157157","0.0853701521947779","1.54606794536291","1.82658487066612","1.62468246665653","1.68437162121732","2.30331408303788","1.8607645357606","272","2020-03-23","2020-04-06","15"
"global_130","","Hungary","47.1625","19.5033","21.6","0.866540608490952","0.163652083142491","4.23549255988647","1.49149149149149","2.1021021021021","1.78178178178178","0.14038257681226","2.0089689256264","2.5147898955019","2.13210358618671","2.02511668015481","2.73312702603638","2.19424762126881","324","2020-03-14","2020-03-28","15"
"global_131","","Iceland","64.9631","-19.0208","20.2666666666667","0.633412967406338","0.127675983692095","5.42895508235555","1.73173173173173","2.39239239239239","2.03203203203203","0.17366334948588","2.33826269374548","2.99332722355818","2.4819503986013","2.28887816531933","3.09292880084929","2.50061174340939","304","2020-03-05","2020-03-19","15"
"global_132","","India","21","78","11.0666666666667","1.06282995797158","0.184503379895236","3.75682646547464","1.63163163163163","2.29229229229229","1.94194194194194","0.167802807571592","2.27739099749142","2.9055723249882","2.41791989384563","2.21284712471621","3.02570240350598","2.42605088126454","166","2020-03-05","2020-03-19","15"
"global_133","","Indonesia","-0.7893","113.9213","50.8666666666667","0.946370711613834","0.157887856378562","4.39012344874713","1.52152152152152","2.14214214214214","1.82182182182182","0.145780369122613","2.05972357689608","2.58915979766375","2.18659457741819","2.06125551612506","2.81940899046994","2.25368275753225","763","2020-03-11","2020-03-25","15"
"global_134","","Iran","32","53","435.866666666667","1.86204882073925","0.320737487485581","2.16110435357546","0","0","0","0.217660297051455","2.83717196799213","3.70093556812406","2.99680937473103","2.56331099624082","3.53951337326742","2.74109615875101","6538","2020-02-23","2020-03-08","15"
"global_135","","Iraq","33","44","8.53333333333333","0.465461704366885","0.0828588722100166","8.36539482221136","1.53153153153153","2.08208208208208","1.79179179179179","0.123793095434722","1.85914666623977","2.29396487296486","1.96997579064091","1.97275324678226","2.60217939190485","2.13225237488444","128","2020-03-03","2020-03-17","15"
"global_136","","Ireland","53.1424","-7.6921","87.2","1.14900992465743","0.207309950077835","3.34353069063834","1.65165165165165","2.41241241241241","2.02202202202202","0.197916547907407","2.60391295651684","3.37263463470734","2.75821536550912","2.40309954364281","3.31860338742225","2.60205778874672","1308","2020-03-10","2020-03-24","15"
"global_137","","Israel","31","35","33.9333333333333","0.676409498996378","0.152541762745503","4.54398302526747","1.8018018018018","2.52252252252252","2.14214214214214","0.204741186014655","2.68277359798777","3.48411360655321","2.83928009642209","2.61490717438283","3.45028950707114","2.77906245262697","509","2020-03-06","2020-03-20","15"
"global_138","","Italy","43","12","390.866666666667","1.20906899635566","0.218939227867386","3.16593416041365","0","0","0","0.206150604369458","2.69929044767554","3.50739860530433","2.85620594750499","2.54882798272219","3.45857120841136","2.74057872101136","5863","2020-02-22","2020-03-07","15"
"global_139","","Jamaica","18.1096","-77.2975","3.2","0.259019765340561","0.0719948686943654","9.62773032481679","1.52152152152152","2.25225225225225","1.88188188188188","-0.0189508405822963","0.903138128198646","0.854613395414509","0.886388720137645","1.64381973813925","2.32194700552074","1.81957299917355","32","2020-03-28","2020-04-06","10"
"global_140","","Japan","36","138","14.1333333333333","0.151910323267084","0.03563010061878","19.4539776347025","1.31131131131131","1.75175175175175","1.51151151151151","0.0345205436595247","1.19801759884275","1.29990628014786","1.22981786020583","1.4929454768265","1.95811745569614","1.62360399338489","212","2020-02-15","2020-02-29","15"
"global_141","","Jordan","31.24","36.51","17.1333333333333","-0.147340567860742","-0.0456239787100928","Inf","1.17117117117117","1.55155155155155","1.34134134134134","-0.0152300770797152","0.921527099106205","0.882097079781337","0.908009041066689","1.27508933687327","1.69705656152082","1.40892727429284","257","2020-03-17","2020-03-31","15"
"global_142","","Kazakhstan","48.0196","66.9237","22.2","0.722897768007337","0.17359309057314","3.99294222063464","1.49149149149149","2.14214214214214","1.82182182182182","0.159337339828257","2.19167398356167","2.7814591989427","2.32727275334833","2.21821613794624","2.87698702625705","2.30090215926974","333","2020-03-17","2020-03-31","15"
"global_143","","Kenya","-0.0236","37.9062","10.8333333333333","0.65356174879904","0.122354166695739","5.66508848271272","1.47147147147147","2.19219219219219","1.83183183183183","0.128102478569054","1.89718420273251","2.35021041912615","2.01132137874965","2.08947915461615","2.97723496915828","2.30771074626674","130","2020-03-26","2020-04-06","12"
"global_144","","Korea, South","36","128","287.066666666667","2.64622433024009","0.417581195477161","1.65990994821474","0","0","0","0.218727043632123","2.85022480791582","3.71917994780699","3.01005702828681","2.63761159771111","3.58081228022124","2.7897939330498","4306","2020-02-17","2020-03-02","15"
"global_145","","Kuwait","29.5","47.75","3.6","-0.287693535064736","-0.0334497143458387","Inf","0.950950950950951","1.15115115115115","1.03103103103103","-0.0500697185062267","0.760741088991722","0.644733181924454","0.718370985970584","1.02987054584053","1.24444631637681","1.08902287935952","54","2020-02-27","2020-03-12","15"
"global_146","","Kyrgyzstan","41.2044","74.7661","14.2857142857143","0.0494394592338106","0.0267905077290762","25.8728646567478","1.46146146146146","1.91191191191191","1.65165165165165","0.104829035185063","1.69888404444147","2.05566926411316","1.794355101413","1.80153996099859","2.37609508138797","1.9794869062293","200","2020-03-24","2020-04-06","14"
"global_147","","Latvia","56.8796","24.6032","21.4","0.768041603569598","0.12070562483944","5.74245965324282","1.42142142142142","1.94194194194194","1.66166166166166","0.0930176308013141","1.60475923053783","1.91476895948949","1.69010892610849","1.78497068592576","2.40030887724155","1.95680001019117","321","2020-03-15","2020-03-29","15"
"global_148","","Lebanon","33.8547","35.8623","15.0666666666667","0.279730291426039","0.0542729666500683","12.77149976026","1.58158158158158","2.09209209209209","1.8018018018018","0.129034733560192","1.90549349437626","2.36248091781948","2.02033647162738","2.02785051151489","2.66645744304744","2.20500090428137","226","2020-03-08","2020-03-22","15"
"global_149","","Liberia","6.4281","-9.4295","0","0","-Inf","Inf","0","0","0","-Inf","0","0","0","0","0","0","0",NA,NA,NA
"global_150","","Liechtenstein","47.14","9.55","3.26666666666667","-0.384379417277777","-0.0835823572208567","Inf","0.970970970970971","1.21121121121121","1.07107107107107","-0.07129998778865","0.674581590710279","0.521623369436307","0.616498467694428","1.12062528748565","1.3807401349926","1.18913794073072","49","2020-03-21","2020-04-04","15"
"global_151","","Lithuania","55.1694","23.8813","41.4666666666667","0.56296889011047","0.0800985685012335","8.65367750672437","1.34134134134134","1.8018018018018","1.54154154154154","0.0556750274086557","1.33421081952297","1.50654135810662","1.38573970670441","1.60222231958534","2.14586908468841","1.76513781983472","622","2020-03-19","2020-04-02","15"
"global_152","","Luxembourg","49.8153","6.1296","105.733333333333","1.21115440555849","0.204513305669135","3.3892522459215","1.45145145145145","2.07207207207207","1.75175175175175","0.135424679248086","1.96322706203519","2.44757438059804","2.08280912760772","1.93617788094427","2.68659676882804","2.1292957618136","1586","2020-03-13","2020-03-27","15"
"global_153","","Madagascar","-18.7669","46.8691","6.22222222222222","-0.359504742183846","-0.0765279951217828","Inf","1.18118118118118","1.71171171171171","1.43143143143143","-0.0948980522808444","0.588402822608317","0.403286951579882","0.514906027744211","1.38916014715279","2.02185421175273","1.58929679941563","56","2020-03-29","2020-04-06","9"
"global_154","","Malaysia","2.5","112.5","42.9333333333333","0.977347155678668","0.204670149511483","3.38665497735935","2.05205205205205","2.92292292292292","2.48248248248248","0.258645531620395","3.37340283113695","4.44001535577907","3.53273602653007","3.42151616381981","4.26734419866018","3.39432942474577","644","2020-03-03","2020-03-17","15"
"global_155","","Maldives","3.2028","73.2207","0","0","-Inf","Inf","0","0","0","-Inf","0","0","0","0","0","0","0",NA,NA,NA
"global_156","","Malta","35.9375","14.3754","9","-0.275868157431804","-0.0723378201678637","Inf","1.15115115115115","1.5015015015015","1.3013013013013","-0.0262584219077557","0.867891549132006","0.802132418985705","0.844889545995287","1.23118329564676","1.64192881098149","1.36759245190077","135","2020-03-16","2020-03-30","15"
"global_157","","Mauritania","21.0079","10.9408","0","0","-Inf","Inf","0","0","0","-Inf","0","0","0","0","0","0","0",NA,NA,NA
"global_158","","Mauritius","-20.2","57.5","14.4","0.330256683328529","0.0581952483968634","11.9107177931954","1.33133133133133","1.76176176176176","1.52152152152152","0.0459973842836321","1.27044149898171","1.4098290411719","1.31295776339025","1.57684367491418","2.07130771483425","1.71990889872582","216","2020-03-23","2020-04-06","15"
"global_159","","Mexico","23.6345","-102.5528","54.8","0.873099180536595","0.162853746958312","4.25625564966201","1.63163163163163","2.27227227227227","1.93193193193193","0.160111220305273","2.19940256953402","2.79267575555326","2.3354693612709","2.2278036104527","2.97742743160586","2.39988793038432","822","2020-03-15","2020-03-29","15"
"global_160","","Moldova","47.4116","28.3699","22","0.596474565930141","0.10712593796167","6.47039544062571","1.5015015015015","2.06206206206206","1.76176176176176","0.125736291651293","1.87622302993642","2.31923058151007","1.9885529561036","1.98946715505306","2.65661630405041","2.15909939486109","330","2020-03-17","2020-03-31","15"
"global_161","","Monaco","43.7333","7.4167","4.15384615384615","-0.16094203672858","-0.0201710581407674","Inf","1.18118118118118","1.55155155155155","1.34134134134134","-0.0172101929194601","0.911703314618568","0.867406607603354","0.896461766146302","1.36111592136705","1.79168054812895","1.48604253487077","54","2020-03-25","2020-04-06","13"
"global_162","","Mongolia","46.8625","103.8467","0","0","-Inf","Inf","0","0","0","-Inf","0","0","0","0","0","0","0",NA,NA,NA
"global_163","","Montenegro","42.5","19.3","14.7142857142857","0.261588064709158","0.0893051021945764","7.7615630409305","1.31131131131131","1.79179179179179","1.54154154154154","0.0651159830648754","1.39887136757304","1.60446384821879","1.45913182235434","1.68611015314872","2.1912879045209","1.79724399538412","206","2020-03-24","2020-04-06","14"
"global_164","","Morocco","31.7917","-7.0926","39.2","0.905998361268752","0.163332812973179","4.2437717684674","1.53153153153153","2.17217217217217","1.84184184184184","0.146233735122573","2.06403221306799","2.5954628892802","2.19121055211055","2.08699099216169","2.8237403893984","2.2529997710358","588","2020-03-17","2020-03-31","15"
"global_165","","Namibia","-22.9576","18.4904","0","0","-Inf","Inf","0","0","0","-Inf","0","0","0","0","0","0","0",NA,NA,NA
"global_166","","Nepal","28.1667","84.25","0","0","-Inf","Inf","0","0","0","-Inf","0","0","0","0","0","0","0",NA,NA,NA
"global_167","Aruba","Netherlands","12.5186","-70.0358","3.90909090909091","-0.315652309570657","-0.0697502003998357","Inf","1.53153153153153","2.05205205205205","1.75175175175175","-0.10458036991481","0.555782272127236","0.360209882005988","0.476654295001907","1.33442297449158","1.84847611514595","1.50892174160334","43","2020-03-27","2020-04-06","11"
"global_168","Curacao","Netherlands","12.1696","-68.99","0","0","-Inf","Inf","0","0","0","-Inf","0","0","0","0","0","0","0",NA,NA,NA
"global_169","Sint Maarten","Netherlands","18.0425","-63.0548","0","0","-Inf","Inf","0","0","0","-Inf","0","0","0","0","0","0","12","2020-04-06","2020-04-06","1"
"global_170","","Netherlands","52.1326","5.2913","135.133333333333","1.09527620561072","0.19029605145086","3.64246748829119","1.7017017017017","2.41241241241241","2.04204204204204","0.179904140448735","2.40448412645707","3.08843547626819","2.55129338683575","2.39810892716307","3.20486755743421","2.5610737411647","2027","2020-03-04","2020-03-18","15"
"global_171","","New Zealand","-40.9006","174.886","56","0.718601777870787","0.104927072185556","6.60598991396773","1.36136136136136","1.87187187187187","1.59159159159159","0.0823899408384742","1.52366553180546","1.7928634699702","1.59962221945515","1.67530035710235","2.29452675626073","1.85838094477699","840","2020-03-20","2020-04-03","15"
"global_172","","Nicaragua","12.8654","-85.2072","0","0","-Inf","Inf","0","0","0","-Inf","0","0","0","0","0","0","0",NA,NA,NA
"global_173","","Niger","17.6078","8.0817","37.6666666666667","0.117982173162249","0.101122364649246","6.85453888429334","1.98198198198198","3.07307307307307","2.54254254254254","0.122484128721922","1.84771342359294","2.27703484128858","1.95752333119015","3.2762017128768","4.53976220316059","3.39017002598383","226","2020-04-01","2020-04-06","6"
"global_174","","Nigeria","9.082","8.6753","14","0.291022507875284","0.0487249890136948","14.225702141567","1.32132132132132","1.8018018018018","1.54154154154154","0.0594502151793521","1.35977269037921","1.54527271390552","1.41480239642341","1.56752152505889","2.11501920629768","1.72470514927189","210","2020-03-22","2020-04-05","15"
"global_175","","North Macedonia","41.6086","21.7453","21.8666666666667","0.350239749104413","0.0553202472204762","12.5297195039176","1.37137137137137","1.81181181181181","1.56156156156156","0.051969322323654","1.30949593352369","1.46907204322271","1.35757906906476","1.6103018934747","2.1223860769817","1.75722751538962","328","2020-03-18","2020-04-01","15"
"global_176","","Norway","60.472","8.4689","95.8666666666667","1.15562338173417","0.190822842963915","3.63241197853353","1.41141141141141","2.05205205205205","1.72172172172172","0.129073356740823","1.90583836819811","2.3629900729458","2.02071050957992","1.8719027059115","2.63088779247689","2.0753692330106","1438","2020-03-03","2020-03-17","15"
"global_177","","Oman","21","57","12.4","0.245444552827155","0.0612865691329031","11.3099360980188","1.29129129129129","1.77177177177177","1.52152152152152","0.0634415051971892","1.38722343437352","1.58683716930636","1.44594126748337","1.54425198967559","2.07079440165587","1.69530344569673","186","2020-03-18","2020-04-01","15"
"global_178","","Pakistan","30.3753","69.3451","97.8","1.0641556960669","0.145778600427322","4.75479376621889","1.38138138138138","1.87187187187187","1.6016016016016","0.073038028332471","1.45504522165486","1.68937691551062","1.52255876335409","1.68589493123674","2.27223569368307","1.85718770854653","1467","2020-03-14","2020-03-28","15"
"global_179","","Panama","8.538","-80.7821","50.6","1.1789837502202","0.213740000784423","3.24294553203006","1.64164164164164","2.34234234234234","1.97197197197197","0.179340577192302","2.3984442469777","3.07977633015608","2.54498220428793","2.30572258262996","3.14273363131367","2.49627299485319","759","2020-03-14","2020-03-28","15"
"global_180","","Papua New Guinea","-6.315","143.9555","0","0","-Inf","Inf","0","0","0","-Inf","0","0","0","0","0","0","0",NA,NA,NA
"global_181","","Paraguay","-23.4425","-58.4438","6.61538461538461","-0.0302716903402213","0.0246755584439288","28.0904354053428","1.3013013013013","1.74174174174174","1.49149149149149","0.0232915367280739","1.13041436453788","1.19732220298425","1.15175904050532","1.55735290117168","2.03964305572499","1.68000600060494","86","2020-03-25","2020-04-06","13"
"global_182","","Peru","-9.19","-75.0152","42.8666666666667","0.695788976650601","0.0996582623354548","6.9552404819861","1.34134134134134","1.81181181181181","1.55155155155155","0.0685871560724999","1.42326699969189","1.64136049771974","1.4867152829517","1.66470407556927","2.22310807502565","1.81749057076988","643","2020-03-14","2020-03-28","15"
"global_183","","Philippines","13","122","35.4666666666667","0.719875619759561","0.155658761503287","4.45299174852622","1.69169169169169","2.31231231231231","1.98198198198198","0.156589801312514","2.1644077398307","2.74184618523409","2.29831763967799","2.28498795328003","2.97128909938193","2.41994596160155","532","2020-03-10","2020-03-24","15"
"global_184","","Poland","51.9194","19.1451","68.6","1.04133011631781","0.186915417660433","3.70834674440381","1.62162162162162","2.29229229229229","1.94194194194194","0.164280478027648","2.24141064496662","2.853552103853","2.37993951862957","2.23114301481331","3.01551848345626","2.4074089405815","1029","2020-03-11","2020-03-25","15"
"global_185","","Portugal","39.3999","-8.2245","105.333333333333","1.48582352469819","0.27249567981747","2.54369970571367","0","0","0","0.263483770256359","3.44156979687326","4.53251018840688","3.59972030682649","3.08770617896146","4.15187938960158","3.22395897608421","1580","2020-03-08","2020-03-22","15"
"global_186","","Qatar","25.3548","51.1839","34.2","-1.1414922739157","-0.17166890988039","Inf","0.580580580580581","0.670670670670671","0.610610610610611","-0.240196772558219","0.235039064990757","0.0402319783209096","0.125421044215907","0.613253045179576","0.729781554080736","0.649242540180132","513","2020-03-11","2020-03-25","15"
"global_187","","Romania","45.9432","24.9668","58.7333333333333","0.911106899171188","0.181847422622314","3.81169647919383","1.73173173173173","2.41241241241241","2.05205205205205","0.186078521623048","2.47144318181539","3.18422611027115","2.62108268666947","2.54057119526105","3.28853765098203","2.65459241181752","881","2020-03-11","2020-03-25","15"
"global_188","","Russia","60","90","67.2","1.08817428559744","0.209042146775747","3.31582502022202","1.79179179179179","2.53253253253253","2.14214214214214","0.206300664138447","2.70105366560798","3.50988304986299","2.85801176264847","2.60016514147149","3.46864828713354","2.76874640429281","1008","2020-03-13","2020-03-27","15"
"global_189","","Rwanda","-1.9403","29.8739","5.73333333333333","-0.321870393842226","-0.0570787990237116","Inf","1.001001001001","1.27127127127127","1.11111111111111","-0.0560940114008103","0.73542426475342","0.608168445158558","0.688433090317736","1.09299768692731","1.37947133625575","1.17548025952808","86","2020-03-23","2020-04-06","15"
"global_190","","Saint Lucia","13.9094","-60.9789","0","0","-Inf","Inf","0","0","0","-Inf","0","0","0","0","0","0","0",NA,NA,NA
"global_191","","Saint Vincent and the Grenadines","12.9843","-61.2872","0","0","-Inf","Inf","0","0","0","-Inf","0","0","0","0","0","0","0",NA,NA,NA
"global_192","","San Marino","43.9424","12.4578","10.1333333333333","0.19682937034285","0.0566208344833835","12.2419103654038","1.3013013013013","1.66166166166166","1.45145145145145","0.0451021962903378","1.26466886235323","1.4010695614017","1.30634965306755","1.54791348267008","1.99913949351684","1.68352331520901","152","2020-03-08","2020-03-22","15"
"global_193","","Saudi Arabia","24","45","66.0666666666667","0.701117303544364","0.137797492123044","5.03018719630262","1.62162162162162","2.29229229229229","1.95195195195195","0.158267353780608","2.18102354937101","2.76599367077618","2.31596963896986","2.21686192788578","2.95226969543223","2.36401033869041","991","2020-03-12","2020-03-26","15"
"global_194","","Senegal","14.4974","-14.4524","10.9333333333333","0.357568635211099","0.0561561895979009","12.3432018006053","1.32132132132132","1.77177177177177","1.52152152152152","0.066751911860604","1.41032669618517","1.62179284623593","1.47209129903358","1.64361495737074","2.18620386756726","1.79512431189109","164","2020-03-18","2020-04-01","15"
"global_195","","Serbia","44.0165","21.0059","29.2","0.907914158746213","0.194565663563731","3.56253599871645","1.49149149149149","2.1021021021021","1.79179179179179","0.137130473704921","1.9788708113285","2.47058243277294","2.0996878118663","1.97743200929713","2.68704905937285","2.1503258542496","438","2020-03-13","2020-03-27","15"
"global_196","","Seychelles","-4.6796","55.492","0","0","-Inf","Inf","0","0","0","-Inf","0","0","0","0","0","0","0",NA,NA,NA
"global_197","","Singapore","1.2833","103.8333","3.8","-0.0501539683981221","-0.0398783943641023","Inf","1.13113113113113","1.47147147147147","1.27127127127127","-0.0493182064525013","0.763948763767035","0.649386013556956","0.722163624340061","1.20547507956357","1.60679120797881","1.34168518866174","57","2020-02-07","2020-02-21","15"
"global_198","","Slovakia","48.669","19.699","16.8666666666667","-0.0181503203620969","0.00228885239856943","302.836120403908","1.31131131131131","1.72172172172172","1.48148148148148","0.0361736645257185","1.20823944521972","1.31542217253345","1.24158284556894","1.46723276112039","1.95513947053308","1.62892301736217","253","2020-03-13","2020-03-27","15"
"global_199","","Slovenia","46.1512","14.9955","30.9333333333333","0.150411558793268","0.0154431166552517","44.8838920299309","1.31131131131131","1.7017017017017","1.48148148148148","0.00981729366801653","1.05339526017498","1.08064440741561","1.06231399504491","1.4722573074817","1.8986125322573","1.59377467268692","464","2020-03-10","2020-03-24","15"
"global_200","","Somalia","5.1521","46.1996","0","0","-Inf","Inf","0","0","0","-Inf","0","0","0","0","0","0","0",NA,NA,NA
"global_201","","South Africa","-30.5595","22.9375","77.5333333333333","0.959729921156998","0.166214229792746","4.17020360666014","1.58158158158158","2.31231231231231","1.95195195195195","0.181232923821414","2.41877244599644","3.10890782199031","2.56621290714985","2.37332896073153","3.17180938900765","2.48577779857699","1163","2020-03-14","2020-03-28","15"
"global_202","","Spain","40","-4","347.8","1.69549159883892","0.345900216976751","2.00389345406665","0","0","0","0.429020078428466","6.49379195583716","8.42043518837235","6.40896284644677","5.03786210129275","6.81123744885261","5.2742537304618","5217","2020-02-28","2020-03-13","15"
"global_203","","Sri Lanka","7","81","7.66666666666667","-0.219966931886833","-0.0219822050979562","Inf","1.22122122122122","1.49149149149149","1.32132132132132","-0.0256847169143799","0.87061748577404","0.806181082818535","0.848101636209048","1.27411766415762","1.59737868657891","1.37819770289225","115","2020-03-17","2020-03-31","15"
"global_204","","Sudan","12.8628","30.2176","0","0","-Inf","Inf","0","0","0","-Inf","0","0","0","0","0","0","0",NA,NA,NA
"global_205","","Suriname","3.9193","-56.0278","0","0","-Inf","Inf","0","0","0","-Inf","0","0","0","0","0","0","0",NA,NA,NA
"global_206","","Sweden","63","16","83.8666666666667","0.791531281896858","0.122837930582412","5.64277806760114","1.34134134134134","1.88188188188188","1.59159159159159","0.0745027550993992","1.46562629694971","1.70535248662843","1.53447157081555","1.60948712705203","2.23068843270812","1.79592926524213","1258","2020-03-04","2020-03-18","15"
"global_207","","Switzerland","46.8182","8.2275","144.866666666667","1.38256030364277","0.27749324851662","2.49788845049479","0","0","0","0.218907594810483","2.85243869235085","3.72227305713205","3.01230289523213","2.83757841409368","3.67266550086962","2.88798484335318","2173","2020-03-02","2020-03-16","15"
"global_208","","Taiwan*","23.7","121","1.13333333333333","-0.0606228070369572","-0.0174332714003659","Inf","1.001001001001","1.26126126126126","1.11111111111111","-0.101413060476815","0.566284118392462","0.373957090550123","0.488951741644059","1.0228740076108","1.33883015258801","1.13204316742142","17","2020-02-24","2020-03-09","15"
"global_209","","Tanzania","-6.369","34.8888","0","0","-Inf","Inf","0","0","0","-Inf","0","0","0","0","0","0","0",NA,NA,NA
"global_210","","Thailand","15","101","0.666666666666667","-0.844689945855539","-0.18017686565327","Inf","0.31031031031031","0.35035035035035","0.32032032032032","-0.399282479622403","0.0729819450938833","0.00056913316068456","0.0117228067167391","0.318802956559999","0.374373287166551","0.336153250877871","10","2020-02-08","2020-02-22","15"
"global_211","","Togo","8.6195","0.8248","4.125","-0.124091305060884","0.0308437110435864","22.4728853016562","1.99199199199199","2.93293293293293","2.43243243243243","0.156998924421587","2.16845077977517","2.74772407129147","2.30261482862993","2.59014083515941","3.80635220315555","2.94237927030501","33","2020-03-30","2020-04-06","8"
"global_212","","Trinidad and Tobago","10.6918","-61.2225","6.26666666666667","-0.184849516939092","0.00140372352896284","493.791808898499","0.680680680680681","0.810810810810811","0.730730730730731","-0.131514635712422","0.472828392892072","0.256473330418917","0.380339699607179","0.734425743465997","0.892439604738119","0.782118304254121","94","2020-03-21","2020-04-04","15"
"global_213","","Tunisia","34","9","28.4","0.67899195496087","0.116145317656389","5.96793047319042","1.38138138138138","1.89189189189189","1.62162162162162","0.0826611147747353","1.52569317452346","1.79591694166341","1.60189241211456","1.68456199365275","2.28714251793098","1.85502709547836","426","2020-03-19","2020-04-02","15"
"global_214","","Turkey","38.9637","35.2433","900.866666666667","1.74514130661959","0.301371188962907","2.29997825255041","0","0","0","0.234341758416094","3.04671678748665","3.99225241962679","3.20821847050517","2.76382414877521","3.76747447455412","2.93073428015321","13513","2020-03-17","2020-03-31","15"
"global_215","","Uganda","1","32","2.9","-0.374554119071146","-0.0942437719535205","Inf","1.15115115115115","1.68168168168168","1.4014014014014","-0.173274198110534","0.364748679136169","0.139106437294232","0.258684640853868","1.11566472341888","1.59753080507425","1.27440779531342","29","2020-03-28","2020-04-06","10"
"global_216","","Ukraine","48.3794","31.1656","79.7333333333333","0.85213574638412","0.152580144362111","4.54283998391646","1.55155155155155","2.19219219219219","1.85185185185185","0.147434746415868","2.07548065052641","2.61220295377077","2.20346818719914","2.06960315058439","2.82130723061656","2.25524880863798","1196","2020-03-21","2020-04-04","15"
"global_217","","United Arab Emirates","24","54","8.26666666666667","-0.0329160185773489","-0.00686690844013149","Inf","1.18118118118118","1.51151151151151","1.33133133133133","0.0212051841556467","1.11819988122606","1.17879938032408","1.13760981601272","1.44714958042928","1.8093419538269","1.53209478494942","124","2020-03-07","2020-03-21","15"
"global_218","Bermuda","United Kingdom","32.3078","-64.7505","1.71428571428571","-0.489132757193221","-0.153176978625328","Inf","0.910910910910911","1.38138138138138","1.14114114114114","-0.170673696359207","0.370811137780153","0.144994284744074","0.265332132000017","1.2910505813502","1.91422818598391","1.46503295504611","12","2020-03-31","2020-04-06","7"
"global_219","Cayman Islands","United Kingdom","19.3133","-81.2546","3.66666666666667","-0.509384242018508","-0.279807893967711","Inf","1.1011011011011","1.69169169169169","1.41141141141141","-0.421074246085882","0.0612887628106132","0.000285626373702087","0.00786540203843097","3.53072855830222","3.7918674428543","2.75151167172079","11","2020-04-04","2020-04-06","3"
"global_220","Channel Islands","United Kingdom","49.3723","-2.3644","16.5333333333333","0.420966486512342","0.097600691966229","7.10186748265865","1.4014014014014","1.92192192192192","1.64164164164164","0.116097677120085","1.79272810274002","2.19546163699663","1.89747385366277","1.84861400480598","2.46091794101127","2.00428211192153","248","2020-03-21","2020-04-04","15"
"global_221","Gibraltar","United Kingdom","36.1408","-5.3536","6.91666666666667","-0.184521807867865","-0.0284666514070066","Inf","1.42142142142142","1.9019019019019","1.63163163163163","-0.0732207258252123","0.667199877400191","0.511271336215349","0.607777405872899","1.33230852397625","1.79870165921942","1.47643626481022","83","2020-03-26","2020-04-06","12"
"global_222","Isle of Man","United Kingdom","54.2361","-4.5481","11","0.23929540180893","0.0115731063406838","59.8929241774332","1.53153153153153","2.32232232232232","1.93193193193193","0.0475630755342112","1.28058880683244","1.42522518727462","1.32456581394278","2.02094255562063","2.88718723435407","2.22224796688714","110","2020-03-28","2020-04-06","10"
"global_223","Montserrat","United Kingdom","16.7425","-62.1874","0","0","-Inf","Inf","0","0","0","-Inf","0","0","0","0","0","0","0",NA,NA,NA
"global_224","","United Kingdom","55.3781","-3.436","74.4666666666667","1.36000914818757","0.27533323231532","2.51748463028296","0","0","0","0.197663469718492","2.60102392587771","3.36854105178312","2.75523760797849","2.61929740308566","3.40641907159112","2.69993050244621","1117","2020-03-01","2020-03-15","15"
"global_225","","Uruguay","-32.5228","-55.7658","20.6","-0.0162487170267971","0.000724528028912583","956.687875278289","1.22122122122122","1.59159159159159","1.39139139139139","-0.0201416684853498","0.897316258647288","0.845926114638036","0.879539259229469","1.30941862123623","1.69880902416455","1.42284974731849","309","2020-03-18","2020-04-01","15"
"global_226","","US","37.0902","-95.7129","37.8666666666667","0.97995893592382","0.250030319122557","2.77225251318495","1.71171171171171","2.47247247247247","2.1021021021021","0.221357257044817","2.88260907058513","3.76438762754011","3.04287864794573","2.79701496282564","3.57794326942295","2.835458700048","568","2020-02-24","2020-03-09","15"
"global_227","","Uzbekistan","41.3775","64.5853","13.6","0.374601409117348","0.0835202259211827","8.29915356328253","1.41141141141141","1.95195195195195","1.66166166166166","0.0970256739777343","1.63622109094373","1.96193972835592","1.7250464536622","1.72745308412695","2.34846719128898","1.90180841252566","204","2020-03-20","2020-04-03","15"
"global_228","","Venezuela","6.4238","-66.5897","7.86666666666667","0.166303386729319","0.0458366624706183","15.1221128066263","1.06106106106106","1.36136136136136","1.19119119119119","-0.0309831268005887","0.84570587163093","0.769251595596518","0.818732504017745","1.19281566996754","1.54271486778509","1.30027557134937","118","2020-03-17","2020-03-31","15"
"global_229","","Vietnam","16","108","6.33333333333333","0.181536833475132","0.0655504825691668","10.5742498513044","1.27127127127127","1.67167167167167","1.45145145145145","0.0694638141090334","1.42948177659347","1.65075514238759","1.49373285033958","1.57856724998971","2.05266522424049","1.71040157605435","95","2020-03-08","2020-03-22","15"
"global_230","","Zambia","-15.4167","28.2833","1.25","-0.813727555385209","-0.326024870819131","Inf","0.920920920920921","1.46146146146146","1.21121121121121","-0.623766232204128","0.0101515453519167","2.71618546664342e-07","0.00010142016458464","0.5472098611444","0.815727833994968","0.637235670234241","10","2020-03-30","2020-04-06","8"
"global_231","","Zimbabwe","-20","30","0","0","-Inf","Inf","0","0","0","-Inf","0","0","0","0","0","0","0",NA,NA,NA
"global_232","Diamond Princess","Canada","0","0","0","0","-Inf","Inf","0","0","0","-Inf","0","0","0","0","0","0","0",NA,NA,NA
"global_233","","Dominica","15.415","-61.371","0","0","-Inf","Inf","0","0","0","-Inf","0","0","0","0","0","0","0",NA,NA,NA
"global_234","","Grenada","12.1165","-61.679","0","0","-Inf","Inf","0","0","0","-Inf","0","0","0","0","0","0","0",NA,NA,NA
"global_235","","Mozambique","-18.665695","35.529562","0","0","-Inf","Inf","0","0","0","-Inf","0","0","0","0","0","0","0",NA,NA,NA
"global_236","","Syria","34.802075","38.996815","0","0","-Inf","Inf","0","0","0","-Inf","0","0","0","0","0","0","0",NA,NA,NA
"global_237","","Timor-Leste","-8.874217","125.727539","0","0","-Inf","Inf","0","0","0","-Inf","0","0","0","0","0","0","0",NA,NA,NA
"global_238","","Belize","13.1939","-59.5432","0","0","-Inf","Inf","0","0","0","-Inf","0","0","0","0","0","0","0",NA,NA,NA
"global_239","Recovered","Canada","0","0","0","0","-Inf","Inf","0","0","0","-Inf","0","0","0","0","0","0","0",NA,NA,NA
"global_240","","Laos","19.85627","102.495496","0","0","-Inf","Inf","0","0","0","-Inf","0","0","0","0","0","0","0",NA,NA,NA
"global_241","","Libya","26.3351","17.228331","0","0","-Inf","Inf","0","0","0","-Inf","0","0","0","0","0","0","0",NA,NA,NA
"global_242","","West Bank and Gaza","31.9522","35.2332","2.2","0.0165345809307064","0.0302079040397065","22.9458879255192","1.08108108108108","1.44144144144144","1.25125125125125","0.00649453811665139","1.03507077199855","1.05293939432466","1.04095581546171","1.33477346235361","1.7196378122929","1.43171268077614","33","2020-03-11","2020-03-25","15"
"global_243","","Guinea-Bissau","11.8037","-15.1804","0","0","-Inf","Inf","0","0","0","-Inf","0","0","0","0","0","0","0",NA,NA,NA
"global_244","","Mali","17.570692","-3.996166","3.16666666666667","-0.208557551958108","-0.0886348943597605","Inf","2.002002002002","3.16316316316316","2.61261261261261","-0.0815353760021699","0.636007845446529","0.467940898826798","0.570956343349534","2.75279304057152","3.78635088420392","2.81614506571006","19","2020-04-01","2020-04-06","6"
"global_245","","Saint Kitts and Nevis","17.357822","-62.782998","0","0","-Inf","Inf","0","0","0","-Inf","0","0","0","0","0","0","0",NA,NA,NA
"global_246","Northwest Territories","Canada","64.8255","-124.8457","0","0","-Inf","Inf","0","0","0","-Inf","0","0","0","0","0","0","0",NA,NA,NA
"global_247","Yukon","Canada","64.2823","-135","0","0","-Inf","Inf","0","0","0","-Inf","0","0","0","0","0","0","0",NA,NA,NA
"global_248","","Kosovo","42.602636","20.902977","12.0833333333333","-0.797742639962329","-0.13464552678746","Inf","0.720720720720721","0.930930930930931","0.800800800800801","-0.275425413982378","0.184248032035978","0.0181786765537915","0.0806239813317026","0.62908146104128","0.815703989158807","0.690585477118461","145","2020-03-26","2020-04-06","12"
"global_249","","Burma","21.9162","95.956","0","0","-Inf","Inf","0","0","0","-Inf","0","0","0","0","0","0","0",NA,NA,NA
"global_250","Anguilla","United Kingdom","18.2206","-63.0686","0","0","-Inf","Inf","0","0","0","-Inf","0","0","0","0","0","0","0",NA,NA,NA
"global_251","British Virgin Islands","United Kingdom","18.4207","-64.64","0","0","-Inf","Inf","0","0","0","-Inf","0","0","0","0","0","0","0",NA,NA,NA
"global_252","Turks and Caicos Islands","United Kingdom","21.694","-71.7979","0","0","-Inf","Inf","0","0","0","-Inf","0","0","0","0","0","0","0",NA,NA,NA
"global_253","","MS Zaandam","0","0","0","0","-Inf","Inf","0","0","0","-Inf","0","0","0","0","0","0","0",NA,NA,NA
"global_254","","Botswana","-22.3285","24.6849","0","0","-Inf","Inf","0","0","0","-Inf","0","0","0","0","0","0","0",NA,NA,NA
"global_255","","Burundi","-3.3731","29.9189","0","0","-Inf","Inf","0","0","0","-Inf","0","0","0","0","0","0","0",NA,NA,NA
"global_256","","Sierra Leone","8.460555","-11.779889","0","0","-Inf","Inf","0","0","0","-Inf","0","0","0","0","0","0","0",NA,NA,NA
"global_257","Bonaire, Sint Eustatius and Saba","Netherlands","12.1784","-68.2385","0","0","-Inf","Inf","0","0","0","-Inf","0","0","0","0","0","0","0",NA,NA,NA
"global_258","","Malawi","-13.254308","34.301525","0","0","-Inf","Inf","0","0","0","-Inf","0","0","0","0","0","0","0",NA,NA,NA
"global_259","Falkland Islands (Malvinas)","United Kingdom","-51.7963","-59.5236","0","0","-Inf","Inf","0","0","0","-Inf","0","0","0","0","0","0","0",NA,NA,NA
"global_260","Saint Pierre and Miquelon","France","46.8852","-56.3159","0","0","-Inf","Inf","0","0","0","-Inf","0","0","0","0","0","0","0",NA,NA,NA
"global_261","","South Sudan","6.877","31.307","0","0","-Inf","Inf","0","0","0","-Inf","0","0","0","0","0","0","0",NA,NA,NA
"global_262","","Western Sahara","24.2155","-12.8858","0","0","-Inf","Inf","0","0","0","-Inf","0","0","0","0","0","0","0",NA,NA,NA
"global_263","","Sao Tome and Principe","0.18636","6.613081","0","0","-Inf","Inf","0","0","0","-Inf","0","0","0","0","0","0","0",NA,NA,NA
